,time,window
0,2021-06-25 18:26:06.139,cmd.exe
1,2021-06-25 18:26:15.138,explorer.exe
2,2021-06-25 18:26:16.638,devenv.exe
3,2021-06-25 18:27:18.638,Teams.exe
4,2021-06-25 18:27:20.638,Teams.exe
5,2021-06-25 18:27:23.139,devenv.exe
6,2021-06-25 18:27:27.139,devenv.exe
7,2021-06-25 18:27:27.639,devenv.exe
8,2021-06-25 18:27:28.141,devenv.exe
9,2021-06-25 18:27:28.638,devenv.exe
10,2021-06-25 18:27:31.638,explorer.exe
11,2021-06-25 18:27:39.139,explorer.exe
12,2021-06-25 18:27:40.138,OUTLOOK.EXE
13,2021-06-25 18:27:47.638,OUTLOOK.EXE
14,2021-06-25 18:27:54.137,Teams.exe
16,2021-06-25 18:27:57.638,OUTLOOK.EXE
18,2021-06-25 18:28:01.138,explorer.exe
19,2021-06-25 18:28:02.638,OUTLOOK.EXE
20,2021-06-25 18:29:43.637,Teams.exe
21,2021-06-25 18:29:44.637,Teams.exe
22,2021-06-25 18:29:53.137,Teams.exe
23,2021-06-25 18:29:56.637,Teams.exe
24,2021-06-25 18:29:57.138,Teams.exe
25,2021-06-25 18:29:57.637,Teams.exe
26,2021-06-25 18:30:00.139,OUTLOOK.EXE
27,2021-06-25 18:30:02.137,OUTLOOK.EXE
28,2021-06-25 18:30:08.137,OUTLOOK.EXE
29,2021-06-25 18:30:12.637,OUTLOOK.EXE
30,2021-06-25 18:30:14.137,OUTLOOK.EXE
31,2021-06-25 18:30:15.637,OUTLOOK.EXE
32,2021-06-25 18:30:17.637,OUTLOOK.EXE
34,2021-06-25 18:30:31.138,chrome.exe
35,2021-06-25 18:30:34.137,chrome.exe
36,2021-06-25 18:30:58.137,explorer.exe
37,2021-06-25 18:32:02.636,chrome.exe
38,2021-06-25 18:36:16.638,chrome.exe
39,2021-06-25 18:36:17.138,chrome.exe
40,2021-06-25 18:36:17.637,chrome.exe
41,2021-06-25 18:37:17.638,Teams.exe
42,2021-06-25 18:37:25.637,chrome.exe
43,2021-06-25 18:38:03.636,explorer.exe
44,2021-06-25 18:38:08.636,Teams.exe
45,2021-06-25 18:38:09.136,Teams.exe
46,2021-06-25 18:38:12.137,Teams.exe
47,2021-06-25 18:41:34.637,explorer.exe
48,2021-06-25 18:41:43.637,POWERPNT.EXE
49,2021-06-25 18:41:52.136,POWERPNT.EXE
50,2021-06-25 18:41:53.640,POWERPNT.EXE
51,2021-06-25 18:42:14.636,POWERPNT.EXE
52,2021-06-25 18:42:16.136,POWERPNT.EXE
53,2021-06-25 18:42:36.636,POWERPNT.EXE
54,2021-06-25 18:42:38.137,POWERPNT.EXE
55,2021-06-25 18:42:42.136,POWERPNT.EXE
56,2021-06-25 18:42:45.137,POWERPNT.EXE
57,2021-06-25 18:44:13.136,POWERPNT.EXE
58,2021-06-25 18:44:14.138,POWERPNT.EXE
59,2021-06-25 18:44:15.636,POWERPNT.EXE
60,2021-06-25 18:44:16.636,POWERPNT.EXE
61,2021-06-25 18:48:03.138,explorer.exe
62,2021-06-25 18:48:05.637,OUTLOOK.EXE
63,2021-06-25 18:48:52.136,OUTLOOK.EXE
64,2021-06-25 18:49:29.636,Teams.exe
65,2021-06-25 18:49:32.640,Teams.exe
66,2021-06-25 18:49:38.636,OUTLOOK.EXE
67,2021-06-25 18:51:05.636,OUTLOOK.EXE
68,2021-06-25 18:51:07.136,OUTLOOK.EXE
69,2021-06-25 18:51:32.136,Teams.exe
70,2021-06-25 18:51:39.136,POWERPNT.EXE
71,2021-06-25 18:51:40.636,Teams.exe
72,2021-06-25 18:51:41.636,chrome.exe
73,2021-06-25 18:51:58.136,Teams.exe
74,2021-06-25 18:52:01.137,Teams.exe
75,2021-06-25 18:52:04.635,OUTLOOK.EXE
76,2021-06-25 18:53:21.635,Teams.exe
77,2021-06-25 18:53:23.636,Teams.exe
78,2021-06-25 18:54:10.635,Teams.exe
79,2021-06-25 18:54:14.636,Teams.exe
80,2021-06-25 18:56:27.137,explorer.exe
81,2021-06-25 18:56:28.136,OUTLOOK.EXE
82,2021-06-25 18:56:46.636,OUTLOOK.EXE
83,2021-06-25 18:59:24.636,OUTLOOK.EXE
84,2021-06-25 19:00:06.637,OUTLOOK.EXE
85,2021-06-25 19:00:11.636,OUTLOOK.EXE
86,2021-06-25 19:00:13.137,OUTLOOK.EXE
87,2021-06-25 19:00:20.135,OUTLOOK.EXE
88,2021-06-25 19:00:22.136,Teams.exe
90,2021-06-25 19:02:07.636,Teams.exe
91,2021-06-25 19:02:14.136,OUTLOOK.EXE
92,2021-06-25 19:02:38.636,Teams.exe
93,2021-06-25 19:02:40.635,OUTLOOK.EXE
94,2021-06-25 19:05:59.136,explorer.exe
95,2021-06-25 19:06:01.136,OUTLOOK.EXE
96,2021-06-25 19:06:03.135,POWERPNT.EXE
97,2021-06-25 19:06:07.135,OUTLOOK.EXE
98,2021-06-25 19:06:11.636,POWERPNT.EXE
99,2021-06-25 19:06:14.136,OUTLOOK.EXE
100,2021-06-25 19:06:25.136,OUTLOOK.EXE
101,2021-06-25 19:06:27.136,OUTLOOK.EXE
102,2021-06-25 19:06:30.635,FoxitReader.exe
103,2021-06-25 19:06:34.635,OUTLOOK.EXE
105,2021-06-25 19:06:49.638,explorer.exe
106,2021-06-25 19:06:55.136,OUTLOOK.EXE
107,2021-06-25 19:06:58.136,OUTLOOK.EXE
108,2021-06-25 19:06:58.635,OUTLOOK.EXE
109,2021-06-25 19:06:59.635,explorer.exe
110,2021-06-25 19:07:00.635,OUTLOOK.EXE
111,2021-06-25 19:07:03.636,OUTLOOK.EXE
112,2021-06-25 19:07:05.635,OUTLOOK.EXE
113,2021-06-25 19:07:06.135,OUTLOOK.EXE
114,2021-06-25 19:07:11.136,OUTLOOK.EXE
115,2021-06-25 19:07:43.135,OUTLOOK.EXE
117,2021-06-25 19:07:46.635,explorer.exe
118,2021-06-25 19:07:55.635,Teams.exe
119,2021-06-25 19:08:16.637,explorer.exe
120,2021-06-25 19:08:17.137,OUTLOOK.EXE
122,2021-06-25 19:52:16.639,LockApp.exe
124,2021-06-25 19:52:21.139,OUTLOOK.EXE
125,2021-06-25 19:52:27.139,explorer.exe
126,2021-06-25 19:52:28.640,OUTLOOK.EXE
128,2021-06-25 19:52:41.640,chrome.exe
129,2021-06-25 19:52:49.139,chrome.exe
130,2021-06-25 20:01:03.135,Teams.exe
131,2021-06-25 20:01:03.636,Teams.exe
132,2021-06-25 20:01:14.136,chrome.exe
133,2021-06-25 20:01:16.636,Teams.exe
134,2021-06-25 20:01:17.136,Teams.exe
135,2021-06-25 20:01:18.636,Teams.exe
136,2021-06-25 20:01:33.636,chrome.exe
137,2021-06-25 20:01:35.636,chrome.exe
138,2021-06-25 20:01:40.635,explorer.exe
139,2021-06-25 20:01:43.137,POWERPNT.EXE
140,2021-06-25 20:01:45.136,POWERPNT.EXE
141,2021-06-25 20:01:49.136,POWERPNT.EXE
142,2021-06-25 20:01:56.635,FoxitReader.exe
143,2021-06-25 20:01:58.637,FoxitReader.exe
144,2021-06-25 20:02:34.637,POWERPNT.EXE
145,2021-06-25 20:02:41.635,POWERPNT.EXE
146,2021-06-25 20:02:43.635,POWERPNT.EXE
147,2021-06-25 20:02:46.137,POWERPNT.EXE
148,2021-06-25 20:02:48.635,POWERPNT.EXE
149,2021-06-25 20:02:50.135,POWERPNT.EXE
150,2021-06-25 20:07:24.635,POWERPNT.EXE
151,2021-06-25 20:07:25.634,POWERPNT.EXE
152,2021-06-25 20:08:31.134,POWERPNT.EXE
153,2021-06-25 20:08:32.634,POWERPNT.EXE
154,2021-06-25 20:10:01.634,POWERPNT.EXE
155,2021-06-25 20:10:03.135,POWERPNT.EXE
156,2021-06-25 20:16:24.136,POWERPNT.EXE
157,2021-06-25 20:16:24.633,POWERPNT.EXE
158,2021-06-25 20:18:11.145,POWERPNT.EXE
159,2021-06-25 20:18:12.633,POWERPNT.EXE
160,2021-06-25 20:18:13.132,POWERPNT.EXE
161,2021-06-25 20:18:14.633,POWERPNT.EXE
162,2021-06-25 20:19:09.133,POWERPNT.EXE
163,2021-06-25 20:19:11.632,POWERPNT.EXE
164,2021-06-25 20:19:39.132,POWERPNT.EXE
165,2021-06-25 20:19:41.134,POWERPNT.EXE
166,2021-06-25 20:22:21.631,POWERPNT.EXE
167,2021-06-25 20:22:23.631,POWERPNT.EXE
168,2021-06-25 20:30:53.130,POWERPNT.EXE
169,2021-06-25 20:30:54.130,POWERPNT.EXE
170,2021-06-25 20:36:56.629,POWERPNT.EXE
171,2021-06-25 20:36:58.128,POWERPNT.EXE
172,2021-06-25 20:37:01.629,POWERPNT.EXE
173,2021-06-25 20:37:03.129,POWERPNT.EXE
174,2021-06-25 20:37:05.129,POWERPNT.EXE
175,2021-06-25 20:37:06.629,POWERPNT.EXE
176,2021-06-25 20:37:09.129,POWERPNT.EXE
177,2021-06-25 20:44:40.628,POWERPNT.EXE
178,2021-06-25 20:44:41.128,POWERPNT.EXE
180,2021-06-25 20:47:33.628,OUTLOOK.EXE
181,2021-06-25 20:47:34.128,POWERPNT.EXE
182,2021-06-25 21:02:50.127,Teams.exe
184,2021-06-25 21:02:50.627,POWERPNT.EXE
185,2021-06-25 21:03:10.627,POWERPNT.EXE
186,2021-06-25 21:03:14.628,POWERPNT.EXE
187,2021-06-25 21:03:21.127,POWERPNT.EXE
188,2021-06-25 21:03:30.129,POWERPNT.EXE
189,2021-06-25 21:03:32.628,POWERPNT.EXE
190,2021-06-25 21:03:35.129,POWERPNT.EXE
191,2021-06-25 21:03:36.128,FoxitReader.exe
192,2021-06-25 21:03:38.128,OUTLOOK.EXE
193,2021-06-25 21:03:39.629,OUTLOOK.EXE
194,2021-06-25 21:03:42.638,chrome.exe
195,2021-06-25 21:03:54.128,OUTLOOK.EXE
196,2021-06-25 21:03:55.128,chrome.exe
197,2021-06-25 21:04:06.127,Zoom.exe
198,2021-06-25 21:04:06.627,chrome.exe
199,2021-06-25 21:04:08.628,Zoom.exe
200,2021-06-25 21:04:09.628,Zoom.exe
201,2021-06-25 21:04:11.127,Zoom.exe
202,2021-06-25 21:04:13.128,Zoom.exe
203,2021-06-25 21:04:18.127,Zoom.exe
204,2021-06-25 21:04:21.128,Zoom.exe
205,2021-06-25 21:04:21.627,Zoom.exe
206,2021-06-25 21:04:37.628,Zoom.exe
207,2021-06-25 21:04:41.128,Zoom.exe
208,2021-06-25 21:05:06.127,OUTLOOK.EXE
209,2021-06-25 21:05:06.628,Zoom.exe
210,2021-06-25 21:05:07.627,OUTLOOK.EXE
211,2021-06-25 21:05:10.128,Zoom.exe
212,2021-06-25 21:05:15.627,OUTLOOK.EXE
213,2021-06-25 21:05:18.628,Zoom.exe
214,2021-06-25 21:06:37.628,Zoom.exe
215,2021-06-25 21:06:43.627,Zoom.exe
216,2021-06-25 21:08:34.628,Zoom.exe
217,2021-06-25 21:08:37.627,Zoom.exe
218,2021-06-25 21:08:42.627,Zoom.exe
219,2021-06-25 21:08:43.127,Zoom.exe
220,2021-06-25 21:08:44.127,Zoom.exe
221,2021-06-25 21:09:09.628,explorer.exe
222,2021-06-25 21:09:11.127,OUTLOOK.EXE
223,2021-06-25 21:09:29.627,chrome.exe
224,2021-06-25 21:09:32.627,OUTLOOK.EXE
225,2021-06-25 21:11:06.627,Zoom.exe
226,2021-06-25 21:11:07.128,OUTLOOK.EXE
227,2021-06-25 21:11:10.626,Zoom.exe
228,2021-06-25 21:11:39.128,Zoom.exe
229,2021-06-25 21:11:44.126,Zoom.exe
230,2021-06-25 21:12:29.628,Zoom.exe
231,2021-06-25 21:12:33.627,Zoom.exe
232,2021-06-25 21:13:30.627,Zoom.exe
233,2021-06-25 21:13:45.126,chrome.exe
234,2021-06-25 21:13:50.126,chrome.exe
235,2021-06-25 21:14:56.127,Zoom.exe
236,2021-06-25 21:15:03.626,Zoom.exe
237,2021-06-25 21:15:04.126,Zoom.exe
238,2021-06-25 21:15:05.627,Zoom.exe
239,2021-06-25 21:15:06.128,Zoom.exe
240,2021-06-25 21:15:06.627,Zoom.exe
241,2021-06-25 21:15:07.126,Zoom.exe
242,2021-06-25 21:15:07.627,Zoom.exe
243,2021-06-25 21:15:54.127,chrome.exe
244,2021-06-25 21:16:27.626,Zoom.exe
245,2021-06-25 21:16:30.127,Zoom.exe
246,2021-06-25 21:16:36.127,Zoom.exe
247,2021-06-25 21:17:44.126,Zoom.exe
248,2021-06-25 21:17:47.128,Zoom.exe
249,2021-06-25 21:17:48.127,Zoom.exe
250,2021-06-25 21:17:48.626,chrome.exe
251,2021-06-25 21:17:54.629,Zoom.exe
252,2021-06-25 21:20:45.127,chrome.exe
253,2021-06-25 21:20:45.627,chrome.exe
254,2021-06-25 21:20:46.126,chrome.exe
255,2021-06-25 21:20:53.126,chrome.exe
256,2021-06-25 21:20:54.627,chrome.exe
257,2021-06-25 21:21:00.626,Zoom.exe
258,2021-06-25 21:21:08.127,chrome.exe
259,2021-06-25 21:21:50.627,Zoom.exe
260,2021-06-25 21:22:20.128,Zoom.exe
261,2021-06-25 21:22:21.128,Zoom.exe
262,2021-06-25 21:22:34.627,Zoom.exe
263,2021-06-25 21:23:11.126,Zoom.exe
264,2021-06-25 21:23:11.626,Zoom.exe
265,2021-06-25 21:23:12.128,Zoom.exe
266,2021-06-25 21:23:12.628,Zoom.exe
267,2021-06-25 21:23:14.626,Zoom.exe
268,2021-06-25 21:25:08.128,Zoom.exe
269,2021-06-25 21:25:11.627,Zoom.exe
270,2021-06-25 21:25:29.128,Zoom.exe
271,2021-06-25 21:25:32.126,Zoom.exe
272,2021-06-25 21:25:43.626,Zoom.exe
273,2021-06-25 21:26:45.126,Zoom.exe
274,2021-06-25 21:27:02.126,Zoom.exe
275,2021-06-25 21:27:09.127,Zoom.exe
276,2021-06-25 21:27:09.627,chrome.exe
277,2021-06-25 21:27:13.126,Zoom.exe
278,2021-06-25 21:27:21.126,Zoom.exe
279,2021-06-25 21:27:22.126,Zoom.exe
280,2021-06-25 21:27:28.627,Zoom.exe
281,2021-06-25 21:27:31.626,Zoom.exe
282,2021-06-25 21:28:01.126,Zoom.exe
283,2021-06-25 21:28:25.126,Zoom.exe
284,2021-06-25 21:29:17.127,chrome.exe
285,2021-06-25 21:29:22.126,chrome.exe
286,2021-06-25 21:29:39.126,chrome.exe
287,2021-06-25 21:29:39.626,chrome.exe
288,2021-06-25 21:29:40.127,chrome.exe
289,2021-06-25 21:29:53.626,Zoom.exe
290,2021-06-25 21:29:59.126,chrome.exe
291,2021-06-25 21:30:19.626,Zoom.exe
292,2021-06-25 21:30:26.626,chrome.exe
293,2021-06-25 21:30:48.126,Zoom.exe
294,2021-06-25 21:30:50.626,chrome.exe
295,2021-06-25 21:30:55.627,Zoom.exe
296,2021-06-25 21:31:08.126,Zoom.exe
297,2021-06-25 21:31:18.126,chrome.exe
298,2021-06-25 21:31:21.626,Zoom.exe
299,2021-06-25 21:31:34.626,Zoom.exe
300,2021-06-25 21:31:52.125,Zoom.exe
301,2021-06-25 21:32:10.626,chrome.exe
302,2021-06-25 21:32:29.630,Zoom.exe
303,2021-06-25 21:32:32.126,OUTLOOK.EXE
304,2021-06-25 21:32:32.626,OUTLOOK.EXE
305,2021-06-25 21:32:33.127,OUTLOOK.EXE
306,2021-06-25 21:32:39.126,OUTLOOK.EXE
307,2021-06-25 21:32:39.626,OUTLOOK.EXE
308,2021-06-25 21:32:43.126,Zoom.exe
309,2021-06-25 21:32:43.625,OUTLOOK.EXE
310,2021-06-25 21:32:47.126,Zoom.exe
311,2021-06-25 21:32:49.625,chrome.exe
312,2021-06-25 21:32:59.627,Zoom.exe
313,2021-06-25 21:33:02.126,chrome.exe
314,2021-06-25 21:33:29.126,Zoom.exe
315,2021-06-25 21:33:31.626,chrome.exe
316,2021-06-25 21:33:50.626,OUTLOOK.EXE
317,2021-06-25 21:33:51.128,OUTLOOK.EXE
318,2021-06-25 21:33:58.627,OUTLOOK.EXE
319,2021-06-25 21:34:00.127,OUTLOOK.EXE
320,2021-06-25 21:34:07.126,chrome.exe
321,2021-06-25 21:35:11.126,Zoom.exe
322,2021-06-25 21:36:09.126,chrome.exe
323,2021-06-25 21:36:25.126,OUTLOOK.EXE
324,2021-06-25 21:36:42.627,Zoom.exe
325,2021-06-25 21:40:08.626,chrome.exe
326,2021-06-25 21:40:38.127,Zoom.exe
327,2021-06-25 21:41:08.626,Zoom.exe
328,2021-06-25 21:41:13.625,Zoom.exe
329,2021-06-25 21:41:14.127,Zoom.exe
330,2021-06-25 21:41:16.127,chrome.exe
331,2021-06-25 21:41:17.125,explorer.exe
332,2021-06-25 21:41:18.126,OUTLOOK.EXE
333,2021-06-25 21:41:19.626,Zoom.exe
334,2021-06-25 21:41:22.626,OUTLOOK.EXE
335,2021-06-25 21:41:52.625,Zoom.exe
336,2021-06-25 21:41:53.625,Zoom.exe
337,2021-06-25 21:41:59.625,Zoom.exe
338,2021-06-25 21:42:05.625,chrome.exe
339,2021-06-25 21:43:18.626,Zoom.exe
340,2021-06-25 21:43:25.626,chrome.exe
341,2021-06-25 21:43:32.626,Zoom.exe
342,2021-06-25 21:43:39.625,Zoom.exe
343,2021-06-25 21:43:42.127,Zoom.exe
344,2021-06-25 21:43:42.625,chrome.exe
345,2021-06-25 21:43:45.626,Zoom.exe
346,2021-06-25 21:43:47.125,chrome.exe
347,2021-06-25 21:47:02.627,Zoom.exe
348,2021-06-25 21:50:27.127,chrome.exe
349,2021-06-25 21:50:51.127,Zoom.exe
350,2021-06-25 21:51:37.129,Zoom.exe
351,2021-06-25 21:51:42.127,Zoom.exe
352,2021-06-25 21:51:50.127,Zoom.exe
353,2021-06-25 21:51:51.127,Zoom.exe
354,2021-06-25 21:51:52.126,chrome.exe
355,2021-06-25 21:52:03.626,Zoom.exe
356,2021-06-25 21:52:55.127,chrome.exe
357,2021-06-25 21:54:23.627,Zoom.exe
358,2021-06-25 21:54:25.628,Zoom.exe
359,2021-06-25 21:54:27.126,chrome.exe
360,2021-06-25 21:54:31.127,Zoom.exe
361,2021-06-25 21:54:32.127,chrome.exe
362,2021-06-25 21:55:43.127,Zoom.exe
363,2021-06-25 21:56:07.627,chrome.exe
364,2021-06-25 21:57:15.128,Zoom.exe
365,2021-06-25 21:58:30.627,Zoom.exe
366,2021-06-25 21:58:32.127,Zoom.exe
367,2021-06-25 21:58:35.127,FoxitReader.exe
368,2021-06-25 21:58:36.626,Zoom.exe
369,2021-06-25 21:58:42.127,chrome.exe
370,2021-06-25 21:58:45.126,OUTLOOK.EXE
371,2021-06-25 21:58:50.127,chrome.exe
372,2021-06-25 21:58:53.127,OUTLOOK.EXE
373,2021-06-25 21:58:54.627,OUTLOOK.EXE
374,2021-06-25 21:58:55.127,OUTLOOK.EXE
375,2021-06-25 21:58:57.626,OUTLOOK.EXE
376,2021-06-25 21:58:58.126,OUTLOOK.EXE
377,2021-06-25 21:59:01.128,explorer.exe
378,2021-06-25 21:59:03.627,OUTLOOK.EXE
379,2021-06-25 21:59:04.627,explorer.exe
380,2021-06-25 21:59:05.628,OUTLOOK.EXE
381,2021-06-25 21:59:06.128,explorer.exe
382,2021-06-25 21:59:07.628,OUTLOOK.EXE
383,2021-06-25 21:59:09.127,explorer.exe
384,2021-06-25 21:59:11.627,OUTLOOK.EXE
385,2021-06-25 21:59:14.127,OUTLOOK.EXE
386,2021-06-25 21:59:14.627,OUTLOOK.EXE
387,2021-06-25 21:59:34.628,chrome.exe
388,2021-06-25 21:59:59.629,chrome.exe
389,2021-06-25 22:00:58.627,Zoom.exe
390,2021-06-25 22:00:59.628,Zoom.exe
391,2021-06-25 22:01:00.127,Zoom.exe
392,2021-06-25 22:01:01.128,Zoom.exe
393,2021-06-25 22:01:02.129,Zoom.exe
394,2021-06-25 22:01:06.630,chrome.exe
395,2021-06-25 22:03:00.127,Zoom.exe
396,2021-06-25 22:03:21.128,chrome.exe
397,2021-06-25 22:05:31.627,Zoom.exe
398,2021-06-25 22:05:33.627,Zoom.exe
399,2021-06-25 22:05:36.128,chrome.exe
400,2021-06-25 22:05:39.627,Zoom.exe
401,2021-06-25 22:05:43.128,chrome.exe
402,2021-06-25 22:06:19.628,Zoom.exe
403,2021-06-25 22:07:37.627,OUTLOOK.EXE
404,2021-06-25 22:07:40.627,OUTLOOK.EXE
405,2021-06-25 22:07:41.127,OUTLOOK.EXE
406,2021-06-25 22:07:47.628,Zoom.exe
407,2021-06-25 22:07:52.628,chrome.exe
408,2021-06-25 22:08:26.627,chrome.exe
409,2021-06-25 22:08:42.128,chrome.exe
410,2021-06-25 22:13:03.627,Zoom.exe
411,2021-06-25 22:13:04.128,chrome.exe
412,2021-06-25 22:13:07.627,Zoom.exe
413,2021-06-25 22:13:09.628,chrome.exe
414,2021-06-25 22:15:19.127,Zoom.exe
415,2021-06-25 22:15:20.127,chrome.exe
416,2021-06-25 22:16:04.127,Zoom.exe
417,2021-06-25 22:16:11.628,chrome.exe
418,2021-06-25 22:17:56.126,Zoom.exe
419,2021-06-25 22:17:57.127,Zoom.exe
420,2021-06-25 22:18:03.127,Zoom.exe
421,2021-06-25 22:18:10.627,Zoom.exe
422,2021-06-25 22:18:15.127,chrome.exe
423,2021-06-25 22:18:18.628,Zoom.exe
424,2021-06-25 22:18:25.628,chrome.exe
425,2021-06-25 22:20:49.126,Zoom.exe
426,2021-06-25 22:20:59.128,chrome.exe
427,2021-06-25 22:24:26.632,Teams.exe
428,2021-06-25 22:24:28.626,explorer.exe
429,2021-06-25 22:24:38.126,chrome.exe
430,2021-06-25 22:25:16.626,Zoom.exe
431,2021-06-25 22:25:17.626,Zoom.exe
432,2021-06-25 22:25:23.626,Zoom.exe
433,2021-06-25 22:26:14.126,Zoom.exe
434,2021-06-25 22:26:43.627,chrome.exe
435,2021-06-25 22:26:47.626,Zoom.exe
436,2021-06-25 22:28:08.126,chrome.exe
437,2021-06-25 22:28:51.626,workpace.exe
438,2021-06-25 22:28:52.126,POWERPNT.EXE
439,2021-06-25 22:29:08.126,chrome.exe
440,2021-06-25 22:29:21.628,Zoom.exe
441,2021-06-25 22:29:22.126,chrome.exe
442,2021-06-25 22:29:29.126,Zoom.exe
443,2021-06-25 22:32:12.626,chrome.exe
444,2021-06-25 22:33:41.126,Zoom.exe
445,2021-06-25 22:33:41.626,Zoom.exe
446,2021-06-25 22:33:52.126,chrome.exe
447,2021-06-25 22:36:46.124,Zoom.exe
448,2021-06-25 22:37:08.124,Zoom.exe
449,2021-06-25 22:37:37.623,Zoom.exe
450,2021-06-25 22:37:38.124,chrome.exe
451,2021-06-25 22:37:41.623,Zoom.exe
452,2021-06-25 22:41:12.621,Zoom.exe
453,2021-06-25 22:45:41.121,Zoom.exe
454,2021-06-25 22:45:47.120,Zoom.exe
455,2021-06-25 22:46:52.121,chrome.exe
456,2021-06-25 22:47:29.122,Zoom.exe
457,2021-06-25 22:55:50.122,Zoom.exe
458,2021-06-25 22:56:04.122,Zoom.exe
459,2021-06-25 22:56:11.121,chrome.exe
460,2021-06-25 22:56:59.122,Zoom.exe
462,2021-06-25 22:57:06.122,explorer.exe
463,2021-06-25 22:57:07.122,chrome.exe
464,2021-06-25 22:57:46.122,Zoom.exe
465,2021-06-25 22:57:54.121,chrome.exe
466,2021-06-25 22:58:49.121,Zoom.exe
467,2021-06-25 22:58:54.122,chrome.exe
468,2021-06-25 22:59:07.124,Zoom.exe
469,2021-06-25 22:59:21.622,Zoom.exe
470,2021-06-25 22:59:24.123,Zoom.exe
471,2021-06-25 22:59:32.621,chrome.exe
472,2021-06-25 23:01:07.621,Zoom.exe
473,2021-06-25 23:01:21.121,Zoom.exe
474,2021-06-25 23:01:28.122,Zoom.exe
475,2021-06-25 23:04:10.621,Zoom.exe
476,2021-06-25 23:04:15.121,Zoom.exe
477,2021-06-25 23:04:37.121,chrome.exe
478,2021-06-25 23:05:38.622,Zoom.exe
479,2021-06-25 23:06:03.622,chrome.exe
480,2021-06-25 23:07:48.621,chrome.exe
481,2021-06-25 23:08:29.621,Zoom.exe
482,2021-06-25 23:09:32.122,chrome.exe
483,2021-06-25 23:09:43.121,Zoom.exe
484,2021-06-25 23:10:05.621,Zoom.exe
485,2021-06-25 23:10:14.122,chrome.exe
486,2021-06-25 23:10:42.121,Zoom.exe
487,2021-06-25 23:10:49.121,Zoom.exe
488,2021-06-25 23:10:50.621,Zoom.exe
489,2021-06-25 23:10:53.121,chrome.exe
490,2021-06-25 23:10:54.621,OUTLOOK.EXE
491,2021-06-25 23:20:38.121,chrome.exe
492,2021-06-25 23:20:40.621,chrome.exe
493,2021-06-25 23:20:44.624,explorer.exe
494,2021-06-25 23:20:47.122,SearchUI.exe
495,2021-06-25 23:20:48.121,StartMenuExperienceHost.exe
497,2021-06-28 14:36:55.718,LockApp.exe
499,2021-06-28 14:37:06.217,SearchUI.exe
500,2021-06-28 14:37:08.718,vpnui.exe
501,2021-06-28 14:37:13.217,vpnui.exe
503,2021-06-28 14:37:21.717,cmd.exe
504,2021-06-28 14:37:56.589,cmd.exe
505,2021-06-28 14:37:59.589,vpnui.exe
506,2021-06-28 14:38:06.590,vpnui.exe
507,2021-06-28 14:38:07.589,vpndownloader.exe
508,2021-06-28 14:38:08.589,vpnui.exe
509,2021-06-28 14:38:19.590,explorer.exe
510,2021-06-28 14:38:20.590,OUTLOOK.EXE
511,2021-06-28 14:38:30.089,OUTLOOK.EXE
512,2021-06-28 14:38:33.089,OUTLOOK.EXE
513,2021-06-28 14:38:34.090,OUTLOOK.EXE
514,2021-06-28 14:38:37.591,Teams.exe
515,2021-06-28 14:38:38.091,Teams.exe
516,2021-06-28 14:38:39.589,Teams.exe
517,2021-06-28 14:38:54.090,Teams.exe
518,2021-06-28 14:41:14.089,Teams.exe
519,2021-06-28 14:41:31.089,Teams.exe
520,2021-06-28 14:41:33.091,explorer.exe
521,2021-06-28 14:41:34.589,OUTLOOK.EXE
522,2021-06-28 14:41:37.089,OUTLOOK.EXE
523,2021-06-28 14:42:10.090,explorer.exe
524,2021-06-28 14:42:14.089,explorer.exe
525,2021-06-28 14:42:15.089,OUTLOOK.EXE
526,2021-06-28 14:42:17.090,OUTLOOK.EXE
527,2021-06-28 14:42:53.590,explorer.exe
528,2021-06-28 14:42:54.589,OUTLOOK.EXE
529,2021-06-28 14:42:57.089,OUTLOOK.EXE
530,2021-06-28 14:43:31.038,OUTLOOK.EXE
531,2021-06-28 14:43:42.005,OUTLOOK.EXE
532,2021-06-28 14:44:32.354,OUTLOOK.EXE
533,2021-06-28 14:44:33.349,OUTLOOK.EXE
534,2021-06-28 14:44:38.834,OUTLOOK.EXE
535,2021-06-28 14:44:54.287,Teams.exe
536,2021-06-28 14:46:47.945,chrome.exe
537,2021-06-28 14:46:54.923,Teams.exe
538,2021-06-28 14:51:40.688,OUTLOOK.EXE
539,2021-06-28 14:51:56.689,explorer.exe
541,2021-06-28 14:51:59.689,explorer.exe
542,2021-06-28 14:52:00.688,OUTLOOK.EXE
543,2021-06-28 14:53:25.688,Teams.exe
544,2021-06-28 14:54:06.188,OUTLOOK.EXE
545,2021-06-28 14:54:10.187,OUTLOOK.EXE
546,2021-06-28 14:56:26.186,Teams.exe
547,2021-06-28 14:56:29.185,explorer.exe
548,2021-06-28 14:56:33.186,OUTLOOK.EXE
549,2021-06-28 14:56:35.185,OUTLOOK.EXE
550,2021-06-28 14:56:59.186,OUTLOOK.EXE
551,2021-06-28 14:56:59.685,OUTLOOK.EXE
552,2021-06-28 14:57:00.188,OUTLOOK.EXE
553,2021-06-28 14:57:00.684,OUTLOOK.EXE
554,2021-06-28 14:57:01.185,OUTLOOK.EXE
555,2021-06-28 14:57:09.684,OUTLOOK.EXE
556,2021-06-28 14:57:10.186,OUTLOOK.EXE
557,2021-06-28 14:57:27.685,Teams.exe
558,2021-06-28 14:58:39.681,OUTLOOK.EXE
559,2021-06-28 15:03:52.678,explorer.exe
560,2021-06-28 15:03:53.677,OUTLOOK.EXE
561,2021-06-28 15:03:55.677,OUTLOOK.EXE
562,2021-06-28 15:03:57.179,OUTLOOK.EXE
563,2021-06-28 15:03:58.179,OUTLOOK.EXE
564,2021-06-28 15:04:01.678,Teams.exe
565,2021-06-28 15:04:11.178,OUTLOOK.EXE
566,2021-06-28 15:04:14.677,Teams.exe
567,2021-06-28 15:04:16.179,OUTLOOK.EXE
568,2021-06-28 15:04:31.178,Teams.exe
569,2021-06-28 15:04:34.177,Teams.exe
570,2021-06-28 15:04:44.178,Teams.exe
571,2021-06-28 15:04:47.177,OUTLOOK.EXE
572,2021-06-28 15:04:51.178,OUTLOOK.EXE
573,2021-06-28 15:04:52.178,OUTLOOK.EXE
574,2021-06-28 15:04:53.177,Teams.exe
575,2021-06-28 15:04:56.179,OUTLOOK.EXE
576,2021-06-28 15:05:01.180,Teams.exe
577,2021-06-28 15:05:03.678,OUTLOOK.EXE
578,2021-06-28 15:07:17.678,Teams.exe
579,2021-06-28 15:10:41.178,Teams.exe
580,2021-06-28 15:20:58.674,Teams.exe
581,2021-06-28 15:21:05.675,Teams.exe
582,2021-06-28 15:21:06.674,OUTLOOK.EXE
583,2021-06-28 15:21:09.174,Teams.exe
584,2021-06-28 15:21:16.673,OUTLOOK.EXE
585,2021-06-28 15:21:20.177,OUTLOOK.EXE
586,2021-06-28 15:23:02.173,OUTLOOK.EXE
587,2021-06-28 15:23:07.174,OUTLOOK.EXE
588,2021-06-28 15:23:34.173,OUTLOOK.EXE
589,2021-06-28 15:23:34.673,OUTLOOK.EXE
590,2021-06-28 15:23:40.674,OUTLOOK.EXE
591,2021-06-28 15:23:50.174,OUTLOOK.EXE
592,2021-06-28 15:24:28.175,OUTLOOK.EXE
593,2021-06-28 15:24:39.175,Teams.exe
594,2021-06-28 15:26:18.673,OUTLOOK.EXE
595,2021-06-28 15:26:20.674,OUTLOOK.EXE
596,2021-06-28 15:26:24.674,OUTLOOK.EXE
597,2021-06-28 15:26:30.173,OUTLOOK.EXE
598,2021-06-28 15:26:31.675,OUTLOOK.EXE
599,2021-06-28 15:26:32.674,OUTLOOK.EXE
600,2021-06-28 15:26:42.173,OUTLOOK.EXE
601,2021-06-28 15:26:44.173,OUTLOOK.EXE
602,2021-06-28 15:27:06.174,Teams.exe
603,2021-06-28 15:27:08.674,OUTLOOK.EXE
604,2021-06-28 15:27:13.174,OUTLOOK.EXE
605,2021-06-28 15:27:22.674,Teams.exe
606,2021-06-28 15:27:29.674,OUTLOOK.EXE
607,2021-06-28 15:28:30.174,Teams.exe
608,2021-06-28 15:39:18.674,OUTLOOK.EXE
609,2021-06-28 15:39:33.676,OUTLOOK.EXE
610,2021-06-28 15:39:36.674,OUTLOOK.EXE
611,2021-06-28 15:39:42.176,OUTLOOK.EXE
612,2021-06-28 15:39:44.675,OUTLOOK.EXE
613,2021-06-28 15:39:51.676,OUTLOOK.EXE
614,2021-06-28 15:39:54.675,OUTLOOK.EXE
615,2021-06-28 15:40:06.676,POWERPNT.EXE
616,2021-06-28 15:40:07.175,POWERPNT.EXE
617,2021-06-28 15:40:51.175,OUTLOOK.EXE
618,2021-06-28 15:42:43.175,OUTLOOK.EXE
619,2021-06-28 15:42:45.175,OUTLOOK.EXE
620,2021-06-28 15:42:58.175,OUTLOOK.EXE
621,2021-06-28 15:43:01.174,OUTLOOK.EXE
622,2021-06-28 15:43:11.675,OUTLOOK.EXE
623,2021-06-28 15:43:13.175,OUTLOOK.EXE
624,2021-06-28 15:43:21.677,OUTLOOK.EXE
625,2021-06-28 15:43:24.675,OUTLOOK.EXE
626,2021-06-28 15:43:41.676,explorer.exe
627,2021-06-28 15:43:44.175,OUTLOOK.EXE
628,2021-06-28 15:43:44.675,explorer.exe
629,2021-06-28 15:43:49.176,OUTLOOK.EXE
630,2021-06-28 15:43:54.176,Teams.exe
631,2021-06-28 15:43:54.676,Teams.exe
632,2021-06-28 15:43:56.174,OUTLOOK.EXE
633,2021-06-28 15:44:52.678,Teams.exe
634,2021-06-28 15:45:08.675,OUTLOOK.EXE
635,2021-06-28 15:45:11.678,Teams.exe
636,2021-06-28 15:45:13.177,OUTLOOK.EXE
637,2021-06-28 15:45:49.175,Teams.exe
638,2021-06-28 15:46:12.175,Teams.exe
639,2021-06-28 15:46:12.676,Teams.exe
640,2021-06-28 15:46:13.174,Teams.exe
641,2021-06-28 15:48:01.675,OUTLOOK.EXE
642,2021-06-28 15:48:19.173,OUTLOOK.EXE
643,2021-06-28 15:48:20.174,OUTLOOK.EXE
644,2021-06-28 15:48:22.174,OUTLOOK.EXE
645,2021-06-28 15:48:33.173,OUTLOOK.EXE
646,2021-06-28 15:48:34.173,Teams.exe
647,2021-06-28 15:49:34.174,OUTLOOK.EXE
648,2021-06-28 15:49:40.674,OUTLOOK.EXE
649,2021-06-28 15:49:51.673,OUTLOOK.EXE
650,2021-06-28 15:50:07.673,OUTLOOK.EXE
651,2021-06-28 15:50:21.673,OUTLOOK.EXE
652,2021-06-28 15:50:30.674,Teams.exe
653,2021-06-28 15:54:24.173,explorer.exe
654,2021-06-28 15:54:26.171,OUTLOOK.EXE
655,2021-06-28 15:54:36.672,ShellExperienceHost.exe
656,2021-06-28 15:54:37.672,OUTLOOK.EXE
657,2021-06-28 15:54:40.171,OUTLOOK.EXE
658,2021-06-28 15:54:40.671,OUTLOOK.EXE
659,2021-06-28 15:54:48.172,OUTLOOK.EXE
660,2021-06-28 15:54:50.172,Teams.exe
661,2021-06-28 15:54:52.173,OUTLOOK.EXE
662,2021-06-28 15:55:14.671,explorer.exe
663,2021-06-28 15:55:32.671,POWERPNT.EXE
664,2021-06-28 15:55:43.172,explorer.exe
665,2021-06-28 15:55:52.172,Teams.exe
666,2021-06-28 15:56:01.173,Teams.exe
667,2021-06-28 15:56:01.671,Teams.exe
668,2021-06-28 15:56:15.673,POWERPNT.EXE
669,2021-06-28 15:56:18.172,Teams.exe
670,2021-06-28 15:56:20.672,OUTLOOK.EXE
671,2021-06-28 15:56:23.671,explorer.exe
672,2021-06-28 15:56:27.172,Teams.exe
673,2021-06-28 16:01:10.671,explorer.exe
674,2021-06-28 16:01:11.672,OUTLOOK.EXE
675,2021-06-28 16:01:47.671,Teams.exe
676,2021-06-28 16:01:48.172,OUTLOOK.EXE
677,2021-06-28 16:02:25.171,explorer.exe
678,2021-06-28 16:02:30.171,POWERPNT.EXE
679,2021-06-28 16:02:30.670,POWERPNT.EXE
680,2021-06-28 16:02:35.671,chrome.exe
681,2021-06-28 16:04:16.670,ShellExperienceHost.exe
682,2021-06-28 16:04:17.170,OUTLOOK.EXE
683,2021-06-28 16:04:30.670,OUTLOOK.EXE
684,2021-06-28 16:04:44.170,OUTLOOK.EXE
685,2021-06-28 16:04:46.170,OUTLOOK.EXE
686,2021-06-28 16:04:49.670,OUTLOOK.EXE
687,2021-06-28 16:04:51.670,OUTLOOK.EXE
688,2021-06-28 16:04:54.670,chrome.exe
689,2021-06-28 16:04:55.171,chrome.exe
690,2021-06-28 16:04:56.171,chrome.exe
691,2021-06-28 16:04:58.170,chrome.exe
692,2021-06-28 16:18:25.664,chrome.exe
693,2021-06-28 16:18:27.663,chrome.exe
694,2021-06-28 16:22:07.162,POWERPNT.EXE
695,2021-06-28 16:22:13.665,chrome.exe
697,2021-06-28 16:39:24.156,LockApp.exe
699,2021-06-28 16:39:29.656,chrome.exe
700,2021-06-28 16:39:39.156,explorer.exe
701,2021-06-28 16:39:40.155,OUTLOOK.EXE
702,2021-06-28 16:39:55.156,POWERPNT.EXE
703,2021-06-28 16:39:56.155,POWERPNT.EXE
704,2021-06-28 16:39:57.656,POWERPNT.EXE
705,2021-06-28 16:39:59.655,OUTLOOK.EXE
706,2021-06-28 16:40:07.655,OUTLOOK.EXE
707,2021-06-28 16:40:15.656,OUTLOOK.EXE
708,2021-06-28 16:40:18.655,explorer.exe
709,2021-06-28 16:40:25.154,OUTLOOK.EXE
710,2021-06-28 16:40:31.656,explorer.exe
711,2021-06-28 16:40:32.655,OUTLOOK.EXE
712,2021-06-28 16:40:50.655,OUTLOOK.EXE
713,2021-06-28 16:42:10.153,OUTLOOK.EXE
714,2021-06-28 16:42:13.653,OUTLOOK.EXE
715,2021-06-28 16:43:53.652,OUTLOOK.EXE
716,2021-06-28 16:44:00.652,OUTLOOK.EXE
717,2021-06-28 16:44:02.153,OUTLOOK.EXE
718,2021-06-28 16:44:02.652,OUTLOOK.EXE
719,2021-06-28 16:44:07.652,chrome.exe
720,2021-06-28 16:44:50.151,explorer.exe
721,2021-06-28 16:44:55.652,OUTLOOK.EXE
722,2021-06-28 16:45:00.151,OUTLOOK.EXE
723,2021-06-28 16:45:40.151,OUTLOOK.EXE
724,2021-06-28 16:45:40.651,OUTLOOK.EXE
725,2021-06-28 16:45:41.652,OUTLOOK.EXE
726,2021-06-28 16:45:45.152,POWERPNT.EXE
727,2021-06-28 16:45:47.652,explorer.exe
728,2021-06-28 16:45:48.651,POWERPNT.EXE
729,2021-06-28 16:45:55.151,OUTLOOK.EXE
730,2021-06-28 16:46:12.650,OUTLOOK.EXE
731,2021-06-28 16:46:13.651,OUTLOOK.EXE
732,2021-06-28 16:46:32.151,OUTLOOK.EXE
733,2021-06-28 16:46:33.151,OUTLOOK.EXE
734,2021-06-28 16:46:34.151,POWERPNT.EXE
736,2021-06-28 16:46:35.654,explorer.exe
737,2021-06-28 16:46:37.151,OUTLOOK.EXE
738,2021-06-28 16:51:02.649,chrome.exe
739,2021-06-28 16:54:38.649,OUTLOOK.EXE
740,2021-06-28 16:54:40.149,chrome.exe
741,2021-06-28 17:00:11.152,Teams.exe
742,2021-06-28 17:00:28.152,OUTLOOK.EXE
743,2021-06-28 17:00:28.655,OUTLOOK.EXE
744,2021-06-28 17:00:30.153,OUTLOOK.EXE
745,2021-06-28 17:00:31.652,OUTLOOK.EXE
746,2021-06-28 17:00:44.154,Teams.exe
747,2021-06-28 17:07:23.654,Teams.exe
748,2021-06-28 17:07:26.655,Teams.exe
749,2021-06-28 17:07:41.157,Teams.exe
750,2021-06-28 17:07:43.655,chrome.exe
751,2021-06-28 17:07:46.656,chrome.exe
752,2021-06-28 17:07:50.155,Teams.exe
753,2021-06-28 17:08:00.654,chrome.exe
754,2021-06-28 17:08:08.156,chrome.exe
755,2021-06-28 17:08:08.656,chrome.exe
756,2021-06-28 17:08:09.155,chrome.exe
757,2021-06-28 17:15:06.663,Teams.exe
758,2021-06-28 17:19:45.170,Teams.exe
759,2021-06-28 17:20:09.170,Teams.exe
760,2021-06-28 17:20:28.173,Teams.exe
761,2021-06-28 17:21:14.671,Teams.exe
763,2021-06-28 17:22:50.674,explorer.exe
764,2021-06-28 17:22:51.673,OUTLOOK.EXE
765,2021-06-28 17:22:53.173,OUTLOOK.EXE
766,2021-06-28 17:23:08.173,OUTLOOK.EXE
767,2021-06-28 17:23:12.174,explorer.exe
768,2021-06-28 17:23:14.673,OUTLOOK.EXE
769,2021-06-28 17:23:17.678,chrome.exe
770,2021-06-28 17:23:50.175,OUTLOOK.EXE
771,2021-06-28 17:24:07.675,OUTLOOK.EXE
772,2021-06-28 17:24:12.674,OUTLOOK.EXE
773,2021-06-28 17:24:13.673,OUTLOOK.EXE
774,2021-06-28 17:24:15.175,OUTLOOK.EXE
775,2021-06-28 17:24:21.174,OUTLOOK.EXE
776,2021-06-28 17:24:38.674,OUTLOOK.EXE
777,2021-06-28 17:24:40.174,OUTLOOK.EXE
778,2021-06-28 17:24:41.173,OUTLOOK.EXE
779,2021-06-28 17:24:58.174,OUTLOOK.EXE
780,2021-06-28 17:24:59.175,Teams.exe
781,2021-06-28 17:25:02.175,Teams.exe
782,2021-06-28 17:25:06.674,Teams.exe
783,2021-06-28 17:35:06.172,OUTLOOK.EXE
784,2021-06-28 17:35:09.672,OUTLOOK.EXE
785,2021-06-28 17:35:13.672,OUTLOOK.EXE
786,2021-06-28 17:35:15.672,OUTLOOK.EXE
787,2021-06-28 17:36:05.173,OUTLOOK.EXE
788,2021-06-28 17:37:35.671,OUTLOOK.EXE
789,2021-06-28 17:37:39.172,OUTLOOK.EXE
790,2021-06-28 17:37:40.671,OUTLOOK.EXE
791,2021-06-28 17:37:42.171,OUTLOOK.EXE
792,2021-06-28 17:37:43.671,OUTLOOK.EXE
793,2021-06-28 17:37:44.671,OUTLOOK.EXE
794,2021-06-28 17:37:45.171,OUTLOOK.EXE
795,2021-06-28 17:42:10.671,Teams.exe
796,2021-06-28 17:48:20.671,Teams.exe
797,2021-06-28 17:48:21.671,Teams.exe
798,2021-06-28 17:48:22.171,Teams.exe
799,2021-06-28 17:48:28.170,Teams.exe
800,2021-06-28 17:58:52.171,Teams.exe
801,2021-06-28 17:58:54.170,OUTLOOK.EXE
802,2021-06-28 17:58:57.670,Teams.exe
803,2021-06-28 17:59:15.170,Teams.exe
804,2021-06-28 18:02:51.670,Teams.exe
805,2021-06-28 18:03:04.172,Teams.exe
806,2021-06-28 18:03:37.171,OUTLOOK.EXE
807,2021-06-28 18:03:39.171,explorer.exe
808,2021-06-28 18:03:40.170,OUTLOOK.EXE
809,2021-06-28 18:03:43.171,OUTLOOK.EXE
810,2021-06-28 18:03:43.671,OUTLOOK.EXE
811,2021-06-28 18:03:44.172,OUTLOOK.EXE
812,2021-06-28 18:03:45.670,OUTLOOK.EXE
813,2021-06-28 18:03:47.171,OUTLOOK.EXE
814,2021-06-28 18:03:49.171,OUTLOOK.EXE
815,2021-06-28 18:03:50.171,OUTLOOK.EXE
816,2021-06-28 18:03:56.169,OUTLOOK.EXE
817,2021-06-28 18:04:03.674,Teams.exe
818,2021-06-28 18:04:04.171,Teams.exe
819,2021-06-28 18:04:07.670,Teams.exe
820,2021-06-28 18:04:18.170,Teams.exe
821,2021-06-28 18:12:18.166,OUTLOOK.EXE
822,2021-06-28 18:12:18.665,OUTLOOK.EXE
823,2021-06-28 18:12:20.166,OUTLOOK.EXE
824,2021-06-28 18:12:27.667,Teams.exe
825,2021-06-28 18:12:28.167,Teams.exe
826,2021-06-28 18:12:36.665,Teams.exe
827,2021-06-28 18:12:37.666,Teams.exe
828,2021-06-28 18:13:05.166,Teams.exe
829,2021-06-28 18:13:11.165,Teams.exe
830,2021-06-28 18:13:11.667,Teams.exe
831,2021-06-28 18:13:26.666,Teams.exe
832,2021-06-28 18:14:08.166,Teams.exe
833,2021-06-28 18:15:12.667,OUTLOOK.EXE
834,2021-06-28 18:15:13.165,Teams.exe
835,2021-06-28 18:18:31.164,Teams.exe
836,2021-06-28 18:18:40.166,Teams.exe
837,2021-06-28 18:22:45.663,Teams.exe
838,2021-06-28 18:23:11.166,Teams.exe
839,2021-06-28 18:23:24.663,Teams.exe
840,2021-06-28 18:23:43.163,Teams.exe
841,2021-06-28 18:24:08.663,Teams.exe
842,2021-06-28 18:24:28.663,Teams.exe
843,2021-06-28 18:36:03.163,POWERPNT.EXE
844,2021-06-28 18:36:08.161,OUTLOOK.EXE
845,2021-06-28 18:36:23.161,POWERPNT.EXE
847,2021-06-28 18:36:29.662,explorer.exe
848,2021-06-28 18:36:30.662,OUTLOOK.EXE
849,2021-06-28 18:36:32.161,OUTLOOK.EXE
850,2021-06-28 18:36:48.662,OUTLOOK.EXE
851,2021-06-28 18:36:51.163,OUTLOOK.EXE
852,2021-06-28 18:36:58.162,OUTLOOK.EXE
853,2021-06-28 18:37:02.162,OUTLOOK.EXE
854,2021-06-28 18:37:10.661,OUTLOOK.EXE
855,2021-06-28 18:37:12.162,OUTLOOK.EXE
856,2021-06-28 18:37:24.662,chrome.exe
857,2021-06-28 18:37:32.164,Teams.exe
858,2021-06-28 18:37:37.161,Teams.exe
859,2021-06-28 18:37:38.161,Teams.exe
860,2021-06-28 18:37:45.662,Teams.exe
861,2021-06-28 18:37:46.162,Teams.exe
862,2021-06-28 18:37:46.661,Teams.exe
863,2021-06-28 18:38:39.160,OUTLOOK.EXE
864,2021-06-28 18:38:39.660,OUTLOOK.EXE
865,2021-06-28 18:38:40.160,OUTLOOK.EXE
866,2021-06-28 18:38:41.660,OUTLOOK.EXE
867,2021-06-28 18:38:50.660,Teams.exe
868,2021-06-28 18:38:53.160,explorer.exe
869,2021-06-28 18:39:00.661,OUTLOOK.EXE
870,2021-06-28 18:39:04.162,OUTLOOK.EXE
871,2021-06-28 18:39:06.161,OUTLOOK.EXE
872,2021-06-28 18:39:06.661,OUTLOOK.EXE
873,2021-06-28 18:39:07.660,OUTLOOK.EXE
874,2021-06-28 18:39:11.162,OUTLOOK.EXE
875,2021-06-28 18:39:11.661,OUTLOOK.EXE
876,2021-06-28 18:39:16.161,OUTLOOK.EXE
877,2021-06-28 18:39:22.161,OUTLOOK.EXE
878,2021-06-28 18:39:25.663,OUTLOOK.EXE
879,2021-06-28 18:39:27.659,OUTLOOK.EXE
880,2021-06-28 18:39:29.160,OUTLOOK.EXE
881,2021-06-28 18:39:31.163,OUTLOOK.EXE
882,2021-06-28 18:39:33.660,OUTLOOK.EXE
883,2021-06-28 18:39:35.660,OUTLOOK.EXE
884,2021-06-28 18:40:08.159,OUTLOOK.EXE
885,2021-06-28 18:40:09.160,OUTLOOK.EXE
886,2021-06-28 18:40:11.659,OUTLOOK.EXE
887,2021-06-28 18:40:12.159,OUTLOOK.EXE
888,2021-06-28 18:40:13.660,OUTLOOK.EXE
889,2021-06-28 18:40:15.659,OUTLOOK.EXE
890,2021-06-28 18:40:17.158,OUTLOOK.EXE
891,2021-06-28 18:40:19.159,OUTLOOK.EXE
892,2021-06-28 18:40:19.660,OUTLOOK.EXE
893,2021-06-28 18:40:21.165,OUTLOOK.EXE
894,2021-06-28 18:40:23.659,OUTLOOK.EXE
895,2021-06-28 18:40:25.658,OUTLOOK.EXE
896,2021-06-28 18:40:29.160,OUTLOOK.EXE
897,2021-06-28 18:40:30.659,OUTLOOK.EXE
898,2021-06-28 18:40:32.159,OUTLOOK.EXE
899,2021-06-28 18:40:33.659,OUTLOOK.EXE
900,2021-06-28 18:41:39.658,OUTLOOK.EXE
901,2021-06-28 18:41:41.658,OUTLOOK.EXE
902,2021-06-28 18:41:49.158,OUTLOOK.EXE
903,2021-06-28 18:41:51.657,OUTLOOK.EXE
904,2021-06-28 18:41:56.157,OUTLOOK.EXE
905,2021-06-28 18:41:57.658,OUTLOOK.EXE
906,2021-06-28 18:42:02.158,OUTLOOK.EXE
907,2021-06-28 18:42:04.160,OUTLOOK.EXE
908,2021-06-28 18:42:12.659,Teams.exe
909,2021-06-28 18:42:24.158,OUTLOOK.EXE
910,2021-06-28 18:42:31.657,Teams.exe
911,2021-06-28 18:42:33.157,OUTLOOK.EXE
912,2021-06-28 18:42:41.657,OUTLOOK.EXE
913,2021-06-28 18:42:44.159,OUTLOOK.EXE
914,2021-06-28 18:42:52.659,OUTLOOK.EXE
915,2021-06-28 18:42:53.658,OUTLOOK.EXE
916,2021-06-28 18:42:57.157,OUTLOOK.EXE
917,2021-06-28 18:43:00.659,OUTLOOK.EXE
918,2021-06-28 18:43:07.158,Teams.exe
919,2021-06-28 18:43:29.157,Teams.exe
920,2021-06-28 18:47:24.153,Teams.exe
921,2021-06-28 18:47:28.155,OUTLOOK.EXE
922,2021-06-28 18:47:29.654,Teams.exe
923,2021-06-28 18:47:31.654,Teams.exe
924,2021-06-28 18:47:36.153,Teams.exe
925,2021-06-28 18:50:35.154,Teams.exe
926,2021-06-28 18:50:40.652,Teams.exe
927,2021-06-28 18:50:53.652,Teams.exe
929,2021-06-28 18:50:57.653,chrome.exe
930,2021-06-28 18:51:04.154,OUTLOOK.EXE
931,2021-06-28 18:53:34.151,explorer.exe
932,2021-06-28 18:53:38.151,POWERPNT.EXE
933,2021-06-28 18:56:35.151,Teams.exe
934,2021-06-28 18:56:35.653,Teams.exe
935,2021-06-28 18:58:05.651,POWERPNT.EXE
937,2021-06-28 20:20:03.641,LockApp.exe
939,2021-06-28 20:20:11.141,POWERPNT.EXE
941,2021-06-28 20:20:24.641,explorer.exe
942,2021-06-28 20:20:25.641,OUTLOOK.EXE
943,2021-06-28 20:20:28.141,OUTLOOK.EXE
944,2021-06-28 20:20:29.141,OUTLOOK.EXE
945,2021-06-28 20:20:30.642,OUTLOOK.EXE
946,2021-06-28 20:20:36.641,Teams.exe
947,2021-06-28 20:55:47.647,Teams.exe
948,2021-06-28 20:55:50.148,OUTLOOK.EXE
949,2021-06-28 20:55:52.147,OUTLOOK.EXE
950,2021-06-28 20:55:52.647,OUTLOOK.EXE
951,2021-06-28 20:55:56.650,OUTLOOK.EXE
952,2021-06-28 20:56:29.647,chrome.exe
953,2021-06-28 20:56:56.147,chrome.exe
954,2021-06-28 21:00:16.148,explorer.exe
955,2021-06-28 21:00:17.148,OUTLOOK.EXE
956,2021-06-28 21:00:21.147,OUTLOOK.EXE
957,2021-06-28 21:00:22.148,OUTLOOK.EXE
958,2021-06-28 21:00:26.148,OUTLOOK.EXE
959,2021-06-28 21:00:29.648,Teams.exe
960,2021-06-28 21:00:34.148,OUTLOOK.EXE
961,2021-06-28 21:00:35.649,Teams.exe
962,2021-06-28 21:00:38.147,chrome.exe
963,2021-06-28 21:01:54.647,Teams.exe
965,2021-06-28 21:02:14.148,OUTLOOK.EXE
966,2021-06-28 21:02:15.647,OUTLOOK.EXE
967,2021-06-28 21:02:28.648,OUTLOOK.EXE
968,2021-06-28 21:02:30.148,Teams.exe
969,2021-06-28 21:02:34.148,Teams.exe
970,2021-06-28 21:02:43.647,OUTLOOK.EXE
971,2021-06-28 21:02:53.147,OUTLOOK.EXE
972,2021-06-28 21:02:58.648,Teams.exe
973,2021-06-28 21:03:58.648,OUTLOOK.EXE
974,2021-06-28 21:04:01.648,Teams.exe
975,2021-06-28 21:04:10.148,OUTLOOK.EXE
976,2021-06-28 21:04:13.647,Teams.exe
977,2021-06-28 21:04:26.647,Teams.exe
978,2021-06-28 21:06:31.148,explorer.exe
979,2021-06-28 21:06:41.149,POWERPNT.EXE
980,2021-06-28 21:06:50.648,Teams.exe
981,2021-06-28 21:07:10.148,Teams.exe
982,2021-06-28 21:07:11.647,Teams.exe
983,2021-06-28 21:07:12.148,POWERPNT.EXE
984,2021-06-28 21:07:13.647,Teams.exe
985,2021-06-28 21:07:15.148,Teams.exe
986,2021-06-28 21:07:20.647,POWERPNT.EXE
987,2021-06-28 21:07:22.649,Teams.exe
988,2021-06-28 21:07:25.149,Teams.exe
989,2021-06-28 21:07:27.149,POWERPNT.EXE
990,2021-06-28 21:07:29.648,POWERPNT.EXE
991,2021-06-28 21:08:55.148,Teams.exe
992,2021-06-28 21:09:01.149,POWERPNT.EXE
993,2021-06-28 21:27:15.148,chrome.exe
994,2021-06-28 21:27:26.648,chrome.exe
995,2021-06-28 21:27:27.148,chrome.exe
996,2021-06-28 21:27:28.647,chrome.exe
997,2021-06-28 21:32:05.642,POWERPNT.EXE
998,2021-06-28 21:33:38.641,chrome.exe
999,2021-06-28 21:34:24.640,POWERPNT.EXE
1000,2021-06-28 21:34:47.641,explorer.exe
1001,2021-06-28 21:34:49.639,POWERPNT.EXE
1002,2021-06-28 21:34:52.140,POWERPNT.EXE
1003,2021-06-28 21:34:53.640,chrome.exe
1004,2021-06-28 21:34:54.139,chrome.exe
1005,2021-06-28 21:35:57.638,POWERPNT.EXE
1006,2021-06-28 21:40:21.636,POWERPNT.EXE
1007,2021-06-28 21:40:49.636,POWERPNT.EXE
1008,2021-06-28 21:51:04.630,Teams.exe
1009,2021-06-28 21:51:06.630,OUTLOOK.EXE
1010,2021-06-28 21:51:08.131,Teams.exe
1011,2021-06-28 21:51:18.631,OUTLOOK.EXE
1012,2021-06-28 21:51:29.630,Teams.exe
1013,2021-06-28 21:51:30.130,Teams.exe
1014,2021-06-28 21:51:31.631,Teams.exe
1015,2021-06-28 21:52:54.630,Teams.exe
1016,2021-06-28 21:52:59.129,Teams.exe
1018,2021-06-28 21:53:28.130,explorer.exe
1019,2021-06-28 21:53:29.131,OUTLOOK.EXE
1020,2021-06-28 21:53:30.630,OUTLOOK.EXE
1021,2021-06-28 21:53:51.631,Teams.exe
1022,2021-06-28 21:59:10.631,POWERPNT.EXE
1023,2021-06-28 21:59:11.132,POWERPNT.EXE
1024,2021-06-28 21:59:16.631,Teams.exe
1025,2021-06-28 21:59:17.131,POWERPNT.EXE
1026,2021-06-28 22:00:01.136,POWERPNT.EXE
1027,2021-06-28 22:00:02.630,POWERPNT.EXE
1028,2021-06-28 22:00:06.132,POWERPNT.EXE
1029,2021-06-28 22:00:41.635,POWERPNT.EXE
1030,2021-06-28 22:01:06.132,Teams.exe
1031,2021-06-28 22:01:06.630,POWERPNT.EXE
1032,2021-06-28 22:01:28.631,POWERPNT.EXE
1033,2021-06-28 22:01:30.130,POWERPNT.EXE
1034,2021-06-28 22:01:31.631,OUTLOOK.EXE
1035,2021-06-28 22:01:33.630,OUTLOOK.EXE
1036,2021-06-28 22:01:34.131,OUTLOOK.EXE
1037,2021-06-28 22:01:35.630,OUTLOOK.EXE
1038,2021-06-28 22:02:22.134,OUTLOOK.EXE
1039,2021-06-28 22:02:23.134,OUTLOOK.EXE
1041,2021-06-28 22:02:59.131,explorer.exe
1042,2021-06-28 22:02:59.630,OUTLOOK.EXE
1043,2021-06-28 22:03:04.134,OUTLOOK.EXE
1044,2021-06-28 22:03:05.632,OUTLOOK.EXE
1045,2021-06-28 22:03:07.130,OUTLOOK.EXE
1046,2021-06-28 22:03:10.631,Teams.exe
1047,2021-06-28 22:03:11.130,Teams.exe
1048,2021-06-28 22:03:18.131,Teams.exe
1049,2021-06-28 22:03:20.630,Teams.exe
1050,2021-06-28 22:03:25.130,OUTLOOK.EXE
1051,2021-06-28 22:03:31.131,OUTLOOK.EXE
1052,2021-06-28 22:03:32.632,OUTLOOK.EXE
1053,2021-06-28 22:03:35.635,Teams.exe
1054,2021-06-28 22:03:36.132,OUTLOOK.EXE
1055,2021-06-28 22:03:36.631,OUTLOOK.EXE
1056,2021-06-28 22:09:31.132,Teams.exe
1057,2021-06-28 22:09:31.631,Teams.exe
1058,2021-06-28 22:12:28.632,Teams.exe
1059,2021-06-28 22:17:44.133,Teams.exe
1060,2021-06-28 22:17:46.632,Teams.exe
1061,2021-06-28 22:21:16.632,explorer.exe
1062,2021-06-28 22:21:18.131,POWERPNT.EXE
1063,2021-06-28 22:21:20.132,POWERPNT.EXE
1064,2021-06-28 22:21:23.632,explorer.exe
1065,2021-06-28 22:21:30.132,POWERPNT.EXE
1066,2021-06-28 22:21:32.635,explorer.exe
1067,2021-06-28 22:21:35.133,POWERPNT.EXE
1068,2021-06-28 22:21:38.132,POWERPNT.EXE
1069,2021-06-28 22:22:24.131,Teams.exe
1070,2021-06-28 22:22:27.132,Teams.exe
1071,2021-06-28 22:22:28.632,Teams.exe
1072,2021-06-28 22:22:31.132,POWERPNT.EXE
1073,2021-06-28 22:22:34.631,POWERPNT.EXE
1074,2021-06-28 22:22:37.134,Teams.exe
1075,2021-06-28 22:22:37.632,Teams.exe
1076,2021-06-28 22:22:43.131,POWERPNT.EXE
1077,2021-06-28 22:22:43.631,Teams.exe
1078,2021-06-28 22:22:45.132,Teams.exe
1079,2021-06-28 22:22:52.631,Teams.exe
1080,2021-06-28 22:22:53.132,Teams.exe
1081,2021-06-28 22:23:00.131,Teams.exe
1082,2021-06-28 22:23:02.632,Teams.exe
1083,2021-06-28 22:23:05.132,Teams.exe
1084,2021-06-28 22:23:06.632,Teams.exe
1085,2021-06-28 22:23:09.134,Teams.exe
1086,2021-06-28 22:23:12.135,Teams.exe
1087,2021-06-28 22:23:17.132,POWERPNT.EXE
1088,2021-06-28 22:23:21.631,POWERPNT.EXE
1089,2021-06-28 22:23:22.131,POWERPNT.EXE
1090,2021-06-28 22:23:31.132,POWERPNT.EXE
1091,2021-06-28 22:23:35.131,Teams.exe
1092,2021-06-28 22:23:35.632,Teams.exe
1093,2021-06-28 22:23:37.132,Teams.exe
1094,2021-06-28 22:23:39.131,Teams.exe
1095,2021-06-28 22:23:47.632,POWERPNT.EXE
1096,2021-06-28 22:24:11.632,POWERPNT.EXE
1097,2021-06-28 22:24:40.633,Teams.exe
1098,2021-06-28 22:24:43.131,explorer.exe
1099,2021-06-28 22:24:44.131,OUTLOOK.EXE
1100,2021-06-28 22:25:26.631,POWERPNT.EXE
1101,2021-06-28 22:25:38.132,Teams.exe
1102,2021-06-28 22:25:38.631,Teams.exe
1103,2021-06-28 22:25:41.133,Teams.exe
1104,2021-06-28 22:44:21.133,Teams.exe
1105,2021-06-28 22:44:23.134,Teams.exe
1106,2021-06-28 22:45:24.633,POWERPNT.EXE
1107,2021-06-28 22:52:34.633,Teams.exe
1108,2021-06-28 22:52:47.633,Teams.exe
1109,2021-06-28 22:52:52.133,Teams.exe
1110,2021-06-28 22:53:00.133,Teams.exe
1111,2021-06-28 22:53:00.634,Teams.exe
1112,2021-06-28 22:53:22.634,Teams.exe
1113,2021-06-28 22:54:07.133,POWERPNT.EXE
1114,2021-06-28 22:55:36.634,OUTLOOK.EXE
1115,2021-06-28 23:00:42.634,OUTLOOK.EXE
1116,2021-06-28 23:00:44.140,OUTLOOK.EXE
1117,2021-06-28 23:00:48.635,Teams.exe
1118,2021-06-28 23:00:49.134,Teams.exe
1119,2021-06-28 23:00:53.635,OUTLOOK.EXE
1120,2021-06-28 23:01:10.634,Teams.exe
1121,2021-06-28 23:01:20.635,Teams.exe
1122,2021-06-28 23:01:23.636,Teams.exe
1123,2021-06-28 23:01:26.135,OUTLOOK.EXE
1124,2021-06-28 23:01:27.635,Teams.exe
1125,2021-06-28 23:01:32.135,Teams.exe
1126,2021-06-28 23:01:32.634,Teams.exe
1127,2021-06-28 23:01:33.134,Teams.exe
1128,2021-06-28 23:01:33.634,Teams.exe
1129,2021-06-28 23:01:34.134,Teams.exe
1130,2021-06-28 23:01:34.634,Teams.exe
1131,2021-06-28 23:01:35.135,Teams.exe
1132,2021-06-28 23:01:41.635,OUTLOOK.EXE
1133,2021-06-28 23:01:57.634,OUTLOOK.EXE
1134,2021-06-28 23:02:04.634,OUTLOOK.EXE
1135,2021-06-28 23:02:31.637,OUTLOOK.EXE
1136,2021-06-28 23:02:33.135,OUTLOOK.EXE
1137,2021-06-28 23:02:34.134,OUTLOOK.EXE
1138,2021-06-28 23:02:48.634,OUTLOOK.EXE
1139,2021-06-28 23:02:49.634,OUTLOOK.EXE
1140,2021-06-28 23:02:50.134,OUTLOOK.EXE
1141,2021-06-28 23:02:50.634,OUTLOOK.EXE
1142,2021-06-28 23:05:14.634,OUTLOOK.EXE
1143,2021-06-28 23:05:18.635,Teams.exe
1144,2021-06-28 23:05:20.635,OUTLOOK.EXE
1145,2021-06-28 23:05:21.635,POWERPNT.EXE
1146,2021-06-28 23:05:25.635,OUTLOOK.EXE
1147,2021-06-28 23:05:35.635,OUTLOOK.EXE
1148,2021-06-28 23:05:37.635,OUTLOOK.EXE
1149,2021-06-28 23:05:54.136,OUTLOOK.EXE
1150,2021-06-28 23:06:04.636,explorer.exe
1151,2021-06-28 23:06:05.135,explorer.exe
1152,2021-06-28 23:06:19.134,explorer.exe
1153,2021-06-28 23:06:22.136,explorer.exe
1154,2021-06-28 23:06:27.636,explorer.exe
1155,2021-06-28 23:06:41.136,POWERPNT.EXE
1156,2021-06-28 23:06:44.135,POWERPNT.EXE
1158,2021-06-28 23:06:54.135,explorer.exe
1159,2021-06-28 23:06:55.134,POWERPNT.EXE
1160,2021-06-28 23:06:58.635,POWERPNT.EXE
1161,2021-06-28 23:07:13.135,OUTLOOK.EXE
1162,2021-06-28 23:07:16.636,POWERPNT.EXE
1163,2021-06-28 23:09:16.135,OUTLOOK.EXE
1164,2021-06-28 23:09:18.136,POWERPNT.EXE
1165,2021-06-28 23:09:21.135,POWERPNT.EXE
1166,2021-06-28 23:09:36.636,POWERPNT.EXE
1167,2021-06-28 23:10:03.135,OUTLOOK.EXE
1168,2021-06-28 23:10:12.134,POWERPNT.EXE
1169,2021-06-28 23:10:22.135,OUTLOOK.EXE
1170,2021-06-28 23:10:48.636,POWERPNT.EXE
1171,2021-06-28 23:11:26.136,OUTLOOK.EXE
1172,2021-06-28 23:11:29.634,POWERPNT.EXE
1173,2021-06-28 23:11:45.636,OUTLOOK.EXE
1174,2021-06-28 23:11:50.136,Teams.exe
1175,2021-06-28 23:11:50.636,Teams.exe
1176,2021-06-28 23:11:52.636,Teams.exe
1177,2021-06-28 23:14:07.635,POWERPNT.EXE
1178,2021-06-28 23:15:13.136,Teams.exe
1179,2021-06-28 23:15:28.135,explorer.exe
1180,2021-06-28 23:15:30.636,OUTLOOK.EXE
1181,2021-06-28 23:17:17.635,Teams.exe
1182,2021-06-28 23:17:21.635,Teams.exe
1183,2021-06-28 23:17:28.136,OUTLOOK.EXE
1184,2021-06-28 23:17:43.636,OUTLOOK.EXE
1185,2021-06-28 23:17:56.138,OUTLOOK.EXE
1186,2021-06-28 23:17:56.635,Teams.exe
1187,2021-06-28 23:19:06.635,OUTLOOK.EXE
1188,2021-06-28 23:19:24.136,Teams.exe
1189,2021-06-28 23:20:26.136,Teams.exe
1190,2021-06-28 23:20:39.635,Teams.exe
1191,2021-06-28 23:20:45.137,OUTLOOK.EXE
1192,2021-06-28 23:20:52.636,POWERPNT.EXE
1193,2021-06-28 23:21:22.636,OUTLOOK.EXE
1194,2021-06-28 23:21:24.136,explorer.exe
1195,2021-06-28 23:21:31.636,explorer.exe
1196,2021-06-28 23:21:32.137,explorer.exe
1197,2021-06-28 23:21:34.635,explorer.exe
1198,2021-06-28 23:21:35.636,explorer.exe
1199,2021-06-28 23:21:36.136,explorer.exe
1200,2021-06-28 23:21:38.636,OUTLOOK.EXE
1201,2021-06-28 23:21:43.136,OUTLOOK.EXE
1202,2021-06-28 23:21:43.635,OUTLOOK.EXE
1203,2021-06-28 23:21:51.135,OUTLOOK.EXE
1204,2021-06-28 23:22:09.636,Teams.exe
1205,2021-06-28 23:22:17.137,OUTLOOK.EXE
1206,2021-06-28 23:22:17.636,OUTLOOK.EXE
1207,2021-06-28 23:22:19.635,OUTLOOK.EXE
1208,2021-06-28 23:22:28.637,OUTLOOK.EXE
1209,2021-06-28 23:22:30.635,OUTLOOK.EXE
1210,2021-06-28 23:22:31.635,OUTLOOK.EXE
1211,2021-06-28 23:22:32.635,OUTLOOK.EXE
1212,2021-06-28 23:22:42.635,Teams.exe
1213,2021-06-28 23:22:44.636,OUTLOOK.EXE
1214,2021-06-28 23:22:56.138,Teams.exe
1215,2021-06-28 23:22:57.137,OUTLOOK.EXE
1216,2021-06-28 23:22:57.636,OUTLOOK.EXE
1217,2021-06-28 23:23:00.135,OUTLOOK.EXE
1218,2021-06-28 23:23:15.137,OUTLOOK.EXE
1219,2021-06-28 23:23:15.636,OUTLOOK.EXE
1220,2021-06-28 23:23:17.136,Teams.exe
1221,2021-06-28 23:23:19.635,Teams.exe
1222,2021-06-28 23:23:20.136,Teams.exe
1223,2021-06-28 23:23:20.635,Teams.exe
1224,2021-06-28 23:23:21.136,Teams.exe
1225,2021-06-28 23:23:21.636,Teams.exe
1226,2021-06-28 23:25:17.137,OUTLOOK.EXE
1227,2021-06-28 23:25:21.638,Teams.exe
1228,2021-06-28 23:25:30.136,OUTLOOK.EXE
1229,2021-06-28 23:25:38.636,Teams.exe
1230,2021-06-28 23:25:40.136,OUTLOOK.EXE
1231,2021-06-28 23:25:44.136,explorer.exe
1232,2021-06-28 23:25:45.135,POWERPNT.EXE
1233,2021-06-28 23:25:49.140,explorer.exe
1235,2021-06-28 23:25:50.635,explorer.exe
1236,2021-06-28 23:25:53.636,POWERPNT.EXE
1237,2021-06-28 23:26:16.636,explorer.exe
1239,2021-06-28 23:26:22.637,explorer.exe
1240,2021-06-28 23:26:23.135,OUTLOOK.EXE
1241,2021-06-28 23:26:24.636,OUTLOOK.EXE
1242,2021-06-28 23:26:38.635,ShellExperienceHost.exe
1243,2021-06-28 23:26:39.136,OUTLOOK.EXE
1244,2021-06-28 23:26:42.636,OUTLOOK.EXE
1245,2021-06-28 23:26:44.136,explorer.exe
1246,2021-06-28 23:26:46.135,explorer.exe
1247,2021-06-28 23:26:51.136,explorer.exe
1248,2021-06-28 23:26:53.637,explorer.exe
1249,2021-06-28 23:26:55.136,OUTLOOK.EXE
1250,2021-06-28 23:28:20.636,OUTLOOK.EXE
1251,2021-06-28 23:28:23.135,OUTLOOK.EXE
1252,2021-06-28 23:28:24.636,OUTLOOK.EXE
1253,2021-06-28 23:29:40.636,Teams.exe
1254,2021-06-28 23:29:41.136,Teams.exe
1255,2021-06-28 23:29:44.135,Teams.exe
1256,2021-06-28 23:31:14.135,OUTLOOK.EXE
1257,2021-06-28 23:31:26.137,explorer.exe
1258,2021-06-28 23:31:29.135,OUTLOOK.EXE
1259,2021-06-28 23:31:29.636,Teams.exe
1260,2021-06-28 23:31:31.636,explorer.exe
1261,2021-06-28 23:31:32.637,OUTLOOK.EXE
1262,2021-06-28 23:31:36.135,OUTLOOK.EXE
1263,2021-06-28 23:31:42.135,Teams.exe
1264,2021-06-28 23:31:54.136,OUTLOOK.EXE
1265,2021-06-28 23:32:23.135,OUTLOOK.EXE
1266,2021-06-28 23:32:32.135,OUTLOOK.EXE
1267,2021-06-28 23:33:45.136,Teams.exe
1268,2021-06-28 23:33:48.136,OUTLOOK.EXE
1269,2021-06-28 23:34:28.138,Teams.exe
1270,2021-06-28 23:34:31.137,OUTLOOK.EXE
1271,2021-06-28 23:34:34.136,OUTLOOK.EXE
1272,2021-06-28 23:34:34.636,OUTLOOK.EXE
1273,2021-06-28 23:34:35.136,OUTLOOK.EXE
1274,2021-06-28 23:34:35.638,OUTLOOK.EXE
1275,2021-06-28 23:34:40.136,Teams.exe
1276,2021-06-28 23:35:08.637,OUTLOOK.EXE
1277,2021-06-28 23:36:04.635,OUTLOOK.EXE
1278,2021-06-28 23:36:16.135,OUTLOOK.EXE
1279,2021-06-28 23:36:17.647,OUTLOOK.EXE
1280,2021-06-28 23:36:22.636,OUTLOOK.EXE
1281,2021-06-28 23:36:25.636,OUTLOOK.EXE
1282,2021-06-28 23:36:36.136,Teams.exe
1283,2021-06-28 23:36:44.136,OUTLOOK.EXE
1284,2021-06-28 23:37:09.136,Teams.exe
1285,2021-06-28 23:37:15.136,OUTLOOK.EXE
1286,2021-06-28 23:37:54.138,OUTLOOK.EXE
1287,2021-06-28 23:37:56.136,OUTLOOK.EXE
1288,2021-06-28 23:37:59.135,Teams.exe
1289,2021-06-28 23:38:02.136,Teams.exe
1291,2021-06-28 23:38:05.135,OUTLOOK.EXE
1292,2021-06-28 23:38:05.635,OUTLOOK.EXE
1293,2021-06-28 23:38:41.635,OUTLOOK.EXE
1294,2021-06-28 23:40:35.636,Teams.exe
1295,2021-06-28 23:41:11.135,OUTLOOK.EXE
1296,2021-06-28 23:41:11.639,OUTLOOK.EXE
1297,2021-06-28 23:41:13.636,OUTLOOK.EXE
1298,2021-06-28 23:41:14.635,OUTLOOK.EXE
1299,2021-06-28 23:41:52.638,OUTLOOK.EXE
1300,2021-06-28 23:41:56.636,Teams.exe
1301,2021-06-28 23:41:59.135,OUTLOOK.EXE
1302,2021-06-28 23:42:11.138,OUTLOOK.EXE
1304,2021-06-28 23:42:26.635,explorer.exe
1305,2021-06-28 23:42:28.136,POWERPNT.EXE
1306,2021-06-28 23:42:34.635,Teams.exe
1307,2021-06-28 23:42:39.635,POWERPNT.EXE
1308,2021-06-28 23:42:51.137,Teams.exe
1309,2021-06-28 23:42:51.635,Teams.exe
1310,2021-06-28 23:43:36.636,POWERPNT.EXE
1311,2021-06-28 23:46:15.135,Teams.exe
1312,2021-06-28 23:54:08.634,POWERPNT.EXE
1313,2021-06-28 23:54:35.633,explorer.exe
1314,2021-06-28 23:54:37.136,POWERPNT.EXE
1315,2021-06-28 23:54:49.134,POWERPNT.EXE
1316,2021-06-28 23:54:58.135,POWERPNT.EXE
1317,2021-06-28 23:58:18.134,explorer.exe
1319,2021-06-28 23:58:24.632,Taskmgr.exe
1320,2021-06-28 23:58:26.132,Taskmgr.exe
1321,2021-06-28 23:58:42.635,Taskmgr.exe
1322,2021-06-28 23:58:43.134,Taskmgr.exe
1323,2021-06-28 23:58:43.634,Taskmgr.exe
1324,2021-06-28 23:58:44.135,Taskmgr.exe
1325,2021-06-28 23:58:44.633,Taskmgr.exe
1326,2021-06-28 23:58:45.134,Taskmgr.exe
1327,2021-06-28 23:58:45.633,Taskmgr.exe
1328,2021-06-28 23:58:46.140,Taskmgr.exe
1329,2021-06-28 23:58:46.634,Taskmgr.exe
1330,2021-06-28 23:58:47.133,Taskmgr.exe
1331,2021-06-28 23:59:13.632,explorer.exe
1332,2021-06-28 23:59:16.134,Taskmgr.exe
1333,2021-06-29 00:01:19.132,POWERPNT.EXE
1334,2021-06-29 00:01:21.133,Teams.exe
1335,2021-06-29 00:01:21.632,POWERPNT.EXE
1336,2021-06-29 00:01:24.133,POWERPNT.EXE
1337,2021-06-29 00:01:26.133,OUTLOOK.EXE
1338,2021-06-29 00:01:27.133,Teams.exe
1339,2021-06-29 00:01:27.633,Teams.exe
1340,2021-06-29 00:01:34.634,Teams.exe
1341,2021-06-29 00:01:35.634,Teams.exe
1342,2021-06-29 00:03:33.633,Teams.exe
1343,2021-06-29 00:03:35.133,Teams.exe
1344,2021-06-29 00:03:50.132,POWERPNT.EXE
1345,2021-06-29 00:03:52.132,Teams.exe
1346,2021-06-29 00:04:09.134,OUTLOOK.EXE
1347,2021-06-29 00:04:23.636,Teams.exe
1348,2021-06-29 00:04:31.133,explorer.exe
1349,2021-06-29 00:04:33.636,OUTLOOK.EXE
1350,2021-06-29 00:04:34.633,Teams.exe
1351,2021-06-29 00:04:37.133,Teams.exe
1353,2021-06-29 00:04:38.633,explorer.exe
1354,2021-06-29 00:04:46.644,OUTLOOK.EXE
1355,2021-06-29 00:04:48.133,OUTLOOK.EXE
1356,2021-06-29 00:05:08.633,OUTLOOK.EXE
1357,2021-06-29 00:05:39.633,explorer.exe
1358,2021-06-29 00:05:40.132,ShellExperienceHost.exe
1359,2021-06-29 00:05:48.633,explorer.exe
1360,2021-06-29 00:05:50.632,explorer.exe
1361,2021-06-29 00:06:03.632,POWERPNT.EXE
1362,2021-06-29 00:06:04.632,POWERPNT.EXE
1363,2021-06-29 00:06:45.634,OUTLOOK.EXE
1364,2021-06-29 00:06:50.132,explorer.exe
1365,2021-06-29 00:06:53.131,explorer.exe
1366,2021-06-29 00:07:00.633,explorer.exe
1367,2021-06-29 00:07:01.134,explorer.exe
1368,2021-06-29 00:07:04.133,explorer.exe
1369,2021-06-29 00:07:04.633,explorer.exe
1370,2021-06-29 00:07:05.132,explorer.exe
1371,2021-06-29 00:07:38.133,OUTLOOK.EXE
1372,2021-06-29 00:08:03.632,explorer.exe
1373,2021-06-29 00:08:05.633,Teams.exe
1374,2021-06-29 00:08:56.133,Teams.exe
1375,2021-06-29 00:09:47.132,OUTLOOK.EXE
1376,2021-06-29 00:10:25.132,OUTLOOK.EXE
1377,2021-06-29 00:10:36.632,OUTLOOK.EXE
1378,2021-06-29 00:10:37.632,OUTLOOK.EXE
1379,2021-06-29 00:10:55.132,explorer.exe
1380,2021-06-29 00:10:56.132,OUTLOOK.EXE
1381,2021-06-29 00:10:57.131,OUTLOOK.EXE
1382,2021-06-29 00:10:57.631,OUTLOOK.EXE
1383,2021-06-29 00:10:58.633,OUTLOOK.EXE
1384,2021-06-29 00:10:59.633,OUTLOOK.EXE
1385,2021-06-29 00:11:17.632,OUTLOOK.EXE
1386,2021-06-29 00:11:24.131,OUTLOOK.EXE
1387,2021-06-29 00:11:25.632,OUTLOOK.EXE
1388,2021-06-29 00:11:27.131,OUTLOOK.EXE
1389,2021-06-29 00:11:44.633,OUTLOOK.EXE
1390,2021-06-29 00:11:45.632,OUTLOOK.EXE
1391,2021-06-29 00:11:47.636,OUTLOOK.EXE
1392,2021-06-29 00:11:49.132,OUTLOOK.EXE
1393,2021-06-29 00:11:51.632,OUTLOOK.EXE
1394,2021-06-29 00:11:52.132,OUTLOOK.EXE
1395,2021-06-29 00:11:52.632,OUTLOOK.EXE
1396,2021-06-29 00:11:53.631,OUTLOOK.EXE
1397,2021-06-29 00:11:54.131,OUTLOOK.EXE
1398,2021-06-29 00:11:54.633,OUTLOOK.EXE
1399,2021-06-29 00:11:55.133,OUTLOOK.EXE
1400,2021-06-29 00:11:55.633,OUTLOOK.EXE
1401,2021-06-29 00:14:08.631,Teams.exe
1402,2021-06-29 00:14:11.131,Teams.exe
1403,2021-06-29 00:14:11.631,OUTLOOK.EXE
1404,2021-06-29 00:14:13.632,OUTLOOK.EXE
1405,2021-06-29 00:15:01.135,Teams.exe
1406,2021-06-29 00:15:07.632,OUTLOOK.EXE
1407,2021-06-29 00:17:17.132,OUTLOOK.EXE
1408,2021-06-29 00:17:18.631,OUTLOOK.EXE
1409,2021-06-29 00:18:02.632,OUTLOOK.EXE
1410,2021-06-29 00:18:03.632,OUTLOOK.EXE
1411,2021-06-29 00:18:04.632,OUTLOOK.EXE
1412,2021-06-29 00:18:05.634,OUTLOOK.EXE
1413,2021-06-29 00:21:14.131,OUTLOOK.EXE
1414,2021-06-29 00:21:16.133,OUTLOOK.EXE
1415,2021-06-29 00:26:59.631,Teams.exe
1416,2021-06-29 00:27:05.130,OUTLOOK.EXE
1417,2021-06-29 00:27:07.631,Teams.exe
1418,2021-06-29 00:27:08.131,OUTLOOK.EXE
1419,2021-06-29 00:27:13.132,Teams.exe
1420,2021-06-29 00:27:14.131,OUTLOOK.EXE
1421,2021-06-29 00:27:16.132,explorer.exe
1422,2021-06-29 00:27:16.630,SearchUI.exe
1423,2021-06-29 00:27:17.630,StartMenuExperienceHost.exe
1425,2021-06-29 14:57:16.373,LockApp.exe
1428,2021-06-29 14:57:47.874,SearchUI.exe
1429,2021-06-29 14:57:52.374,OUTLOOK.EXE
1430,2021-06-29 14:57:53.373,OUTLOOK.EXE
1431,2021-06-29 14:57:55.873,OUTLOOK.EXE
1434,2021-06-29 14:58:43.873,ShellExperienceHost.exe
1436,2021-06-29 14:58:57.374,explorer.exe
1437,2021-06-29 14:59:01.374,explorer.exe
1438,2021-06-29 14:59:01.873,explorer.exe
1440,2021-06-29 14:59:03.873,explorer.exe
1441,2021-06-29 14:59:33.376,explorer.exe
1442,2021-06-29 14:59:34.375,OUTLOOK.EXE
1443,2021-06-29 14:59:40.374,explorer.exe
1444,2021-06-29 15:00:40.373,OUTLOOK.EXE
1445,2021-06-29 15:00:46.373,SearchUI.exe
1446,2021-06-29 15:00:50.373,explorer.exe
1447,2021-06-29 15:00:50.873,vpnui.exe
1448,2021-06-29 15:00:54.373,vpnui.exe
1449,2021-06-29 15:00:59.873,vpnui.exe
1450,2021-06-29 15:01:00.873,vpndownloader.exe
1452,2021-06-29 15:01:01.873,vpnui.exe
1454,2021-06-29 15:01:46.373,explorer.exe
1455,2021-06-29 15:01:58.373,Teams.exe
1456,2021-06-29 15:02:47.373,OUTLOOK.EXE
1457,2021-06-29 15:02:51.373,Teams.exe
1458,2021-06-29 15:03:10.875,Teams.exe
1460,2021-06-29 15:03:24.874,explorer.exe
1461,2021-06-29 15:03:25.873,OUTLOOK.EXE
1462,2021-06-29 15:04:14.367,Teams.exe
1463,2021-06-29 15:04:14.867,OUTLOOK.EXE
1464,2021-06-29 15:04:22.865,OUTLOOK.EXE
1465,2021-06-29 15:04:25.366,OUTLOOK.EXE
1466,2021-06-29 15:04:26.367,OUTLOOK.EXE
1467,2021-06-29 15:04:31.864,OUTLOOK.EXE
1468,2021-06-29 15:04:32.865,OUTLOOK.EXE
1469,2021-06-29 15:04:33.363,OUTLOOK.EXE
1470,2021-06-29 15:04:33.862,OUTLOOK.EXE
1471,2021-06-29 15:04:52.358,OUTLOOK.EXE
1473,2021-06-29 15:05:03.856,Taskmgr.exe
1474,2021-06-29 15:05:08.354,cmd.exe
1475,2021-06-29 15:05:16.354,cmd.exe
1476,2021-08-04 16:19:07.831,cmd.exe
1477,2021-08-04 16:19:45.332,Teams.exe
1478,2021-08-04 16:19:46.831,POWERPNT.EXE
1479,2021-08-04 16:20:23.331,Teams.exe
1480,2021-08-04 16:22:53.833,explorer.exe
1481,2021-08-04 16:22:55.832,OUTLOOK.EXE
1482,2021-08-04 16:22:58.332,OUTLOOK.EXE
1483,2021-08-04 16:23:21.832,Teams.exe
1484,2021-08-04 16:23:23.833,OUTLOOK.EXE
1485,2021-08-04 16:23:28.333,OUTLOOK.EXE
1486,2021-08-04 16:23:31.333,OUTLOOK.EXE
1487,2021-08-04 16:23:31.833,OUTLOOK.EXE
1488,2021-08-04 16:24:50.334,Teams.exe
1489,2021-08-04 16:24:52.335,OUTLOOK.EXE
1490,2021-08-04 16:26:37.835,Teams.exe
1491,2021-08-04 16:26:39.835,OUTLOOK.EXE
1492,2021-08-04 16:28:28.334,Teams.exe
1493,2021-08-04 16:28:29.835,OUTLOOK.EXE
1494,2021-08-04 16:28:53.335,Teams.exe
1495,2021-08-04 16:31:58.336,OUTLOOK.EXE
1496,2021-08-04 16:31:59.836,OUTLOOK.EXE
1497,2021-08-04 16:32:03.335,Teams.exe
1498,2021-08-04 16:32:06.335,Teams.exe
1499,2021-08-04 16:32:08.337,OUTLOOK.EXE
1500,2021-08-04 16:32:08.847,Teams.exe
1501,2021-08-04 16:32:10.836,OUTLOOK.EXE
1502,2021-08-04 16:32:11.335,OUTLOOK.EXE
1503,2021-08-04 16:32:17.336,Teams.exe
1504,2021-08-04 16:32:21.835,Teams.exe
1505,2021-08-04 16:32:29.836,OUTLOOK.EXE
1506,2021-08-04 16:32:43.836,OUTLOOK.EXE
1507,2021-08-04 16:32:44.836,Teams.exe
1508,2021-08-04 16:32:45.835,OUTLOOK.EXE
1509,2021-08-04 16:32:47.336,Teams.exe
1510,2021-08-04 16:32:50.336,OUTLOOK.EXE
1511,2021-08-04 16:33:03.335,Teams.exe
1512,2021-08-04 16:33:18.335,OUTLOOK.EXE
1513,2021-08-04 16:33:32.835,OUTLOOK.EXE
1514,2021-08-04 16:33:33.336,OUTLOOK.EXE
1515,2021-08-04 16:33:33.835,OUTLOOK.EXE
1516,2021-08-04 16:33:34.336,OUTLOOK.EXE
1517,2021-08-04 16:33:34.836,OUTLOOK.EXE
1518,2021-08-04 16:33:35.336,OUTLOOK.EXE
1519,2021-08-04 16:33:35.836,OUTLOOK.EXE
1520,2021-08-04 16:33:36.336,OUTLOOK.EXE
1521,2021-08-04 16:34:18.337,OUTLOOK.EXE
1522,2021-08-04 16:34:20.336,OUTLOOK.EXE
1523,2021-08-04 16:34:38.836,OUTLOOK.EXE
1524,2021-08-04 16:34:41.336,OUTLOOK.EXE
1525,2021-08-04 16:34:58.336,OUTLOOK.EXE
1526,2021-08-04 16:35:15.836,OUTLOOK.EXE
1527,2021-08-04 16:35:22.836,OUTLOOK.EXE
1528,2021-08-04 16:35:25.336,OUTLOOK.EXE
1530,2021-08-04 16:35:39.336,explorer.exe
1531,2021-08-04 16:35:40.335,OUTLOOK.EXE
1532,2021-08-04 16:35:46.835,OUTLOOK.EXE
1533,2021-08-04 16:37:01.336,OUTLOOK.EXE
1534,2021-08-04 16:37:05.337,OUTLOOK.EXE
1535,2021-08-04 16:37:09.336,OUTLOOK.EXE
1536,2021-08-04 16:37:10.336,OUTLOOK.EXE
1537,2021-08-04 16:37:24.842,OUTLOOK.EXE
1538,2021-08-04 16:37:26.838,OUTLOOK.EXE
1539,2021-08-04 16:37:29.836,OUTLOOK.EXE
1540,2021-08-04 16:37:31.836,OUTLOOK.EXE
1541,2021-08-04 16:37:46.337,OUTLOOK.EXE
1542,2021-08-04 16:37:48.336,OUTLOOK.EXE
1543,2021-08-04 16:38:07.836,OUTLOOK.EXE
1544,2021-08-04 16:38:09.836,OUTLOOK.EXE
1545,2021-08-04 16:39:14.837,explorer.exe
1546,2021-08-04 16:39:17.837,OUTLOOK.EXE
1547,2021-08-04 16:39:52.838,OUTLOOK.EXE
1548,2021-08-04 16:39:54.337,OUTLOOK.EXE
1549,2021-08-04 16:39:56.838,Teams.exe
1550,2021-08-04 16:39:58.337,OUTLOOK.EXE
1551,2021-08-04 16:40:08.842,cmd.exe
1552,2021-08-04 16:40:11.339,OUTLOOK.EXE
1553,2021-08-04 16:40:11.837,WINWORD.EXE
1554,2021-08-04 16:40:13.837,OUTLOOK.EXE
1555,2021-08-04 16:40:14.837,Teams.exe
1556,2021-08-04 16:40:21.348,OUTLOOK.EXE
1557,2021-08-04 16:40:46.341,Teams.exe
1558,2021-08-04 16:40:50.839,OUTLOOK.EXE
1559,2021-08-04 16:41:01.346,OUTLOOK.EXE
1560,2021-08-04 16:41:02.850,OUTLOOK.EXE
1561,2021-08-04 16:41:03.351,OUTLOOK.EXE
1562,2021-08-04 16:41:04.839,OUTLOOK.EXE
1563,2021-08-04 16:41:11.838,OUTLOOK.EXE
1564,2021-08-04 16:41:13.838,OUTLOOK.EXE
1565,2021-08-04 16:41:21.338,OUTLOOK.EXE
1566,2021-08-04 16:41:22.340,OUTLOOK.EXE
1567,2021-08-04 16:41:23.838,OUTLOOK.EXE
1568,2021-08-04 16:41:29.851,OUTLOOK.EXE
1569,2021-08-04 16:41:31.346,OUTLOOK.EXE
1570,2021-08-04 16:41:36.851,OUTLOOK.EXE
1571,2021-08-04 16:41:39.838,OUTLOOK.EXE
1572,2021-08-04 16:41:40.848,OUTLOOK.EXE
1573,2021-08-04 16:41:45.843,OUTLOOK.EXE
1574,2021-08-04 16:41:46.846,OUTLOOK.EXE
1575,2021-08-04 16:41:47.840,OUTLOOK.EXE
1576,2021-08-04 16:41:48.345,OUTLOOK.EXE
1577,2021-08-04 16:42:32.348,OUTLOOK.EXE
1578,2021-08-04 16:42:33.839,Teams.exe
1579,2021-08-04 16:42:35.351,explorer.exe
1580,2021-08-04 16:42:36.347,OUTLOOK.EXE
1581,2021-08-04 16:42:36.860,OUTLOOK.EXE
1582,2021-08-04 16:42:51.347,OUTLOOK.EXE
1583,2021-08-04 16:42:53.343,OUTLOOK.EXE
1584,2021-08-04 16:42:57.339,OUTLOOK.EXE
1585,2021-08-04 16:45:09.847,OUTLOOK.EXE
1586,2021-08-04 16:45:13.339,OUTLOOK.EXE
1587,2021-08-04 16:45:25.840,OUTLOOK.EXE
1588,2021-08-04 16:45:28.347,OUTLOOK.EXE
1589,2021-08-04 16:45:28.847,OUTLOOK.EXE
1590,2021-08-04 16:45:29.347,OUTLOOK.EXE
1591,2021-08-04 16:45:32.341,OUTLOOK.EXE
1592,2021-08-04 16:45:34.344,OUTLOOK.EXE
1593,2021-08-04 16:47:25.354,OUTLOOK.EXE
1594,2021-08-04 16:47:38.342,OUTLOOK.EXE
1595,2021-08-04 16:47:59.354,explorer.exe
1596,2021-08-04 16:48:01.343,OUTLOOK.EXE
1597,2021-08-04 16:48:10.353,OUTLOOK.EXE
1598,2021-08-04 16:48:13.842,OUTLOOK.EXE
1599,2021-08-04 16:48:15.340,POWERPNT.EXE
1600,2021-08-04 16:48:17.341,OUTLOOK.EXE
1601,2021-08-04 16:48:18.842,chrome.exe
1602,2021-08-04 16:49:36.357,explorer.exe
1603,2021-08-04 16:49:37.353,OUTLOOK.EXE
1604,2021-08-04 16:49:40.344,OUTLOOK.EXE
1605,2021-08-04 16:49:41.844,OUTLOOK.EXE
1606,2021-08-04 16:49:43.342,OUTLOOK.EXE
1607,2021-08-04 16:49:45.341,workpace.exe
1608,2021-08-04 16:49:45.841,OUTLOOK.EXE
1610,2021-08-04 17:04:17.824,LockApp.exe
1612,2021-08-04 17:04:24.326,explorer.exe
1614,2021-08-04 17:04:26.332,OUTLOOK.EXE
1615,2021-08-04 17:04:29.332,chrome.exe
1616,2021-08-04 17:08:35.824,OUTLOOK.EXE
1617,2021-08-04 17:08:37.822,OUTLOOK.EXE
1618,2021-08-04 17:09:22.322,OUTLOOK.EXE
1619,2021-08-04 17:09:22.823,OUTLOOK.EXE
1620,2021-08-04 17:09:23.822,OUTLOOK.EXE
1621,2021-08-04 17:09:28.335,Teams.exe
1622,2021-08-04 17:09:28.822,Teams.exe
1623,2021-08-04 17:09:38.325,Teams.exe
1624,2021-08-04 17:09:50.322,OUTLOOK.EXE
1625,2021-08-04 17:10:31.327,OUTLOOK.EXE
1626,2021-08-04 17:10:34.322,OUTLOOK.EXE
1627,2021-08-04 17:10:38.822,OUTLOOK.EXE
1628,2021-08-04 17:10:43.822,OUTLOOK.EXE
1629,2021-08-04 17:11:05.322,OUTLOOK.EXE
1630,2021-08-04 17:11:07.322,OUTLOOK.EXE
1631,2021-08-04 17:11:10.822,OUTLOOK.EXE
1632,2021-08-04 17:11:12.321,OUTLOOK.EXE
1633,2021-08-04 17:11:31.322,OUTLOOK.EXE
1634,2021-08-04 17:11:32.822,OUTLOOK.EXE
1635,2021-08-04 17:11:37.822,OUTLOOK.EXE
1636,2021-08-04 17:11:39.322,OUTLOOK.EXE
1637,2021-08-04 17:11:48.321,OUTLOOK.EXE
1638,2021-08-04 17:11:49.823,OUTLOOK.EXE
1639,2021-08-04 17:11:50.822,Teams.exe
1640,2021-08-04 17:12:02.322,OUTLOOK.EXE
1641,2021-08-04 17:12:03.822,OUTLOOK.EXE
1642,2021-08-04 17:12:05.823,OUTLOOK.EXE
1643,2021-08-04 17:12:08.322,POWERPNT.EXE
1644,2021-08-04 17:12:13.823,Teams.exe
1645,2021-08-04 17:12:21.322,Teams.exe
1647,2021-08-04 17:12:34.823,explorer.exe
1648,2021-08-04 17:12:35.822,OUTLOOK.EXE
1649,2021-08-04 17:12:49.823,Teams.exe
1650,2021-08-04 17:50:48.828,OUTLOOK.EXE
1651,2021-08-04 17:50:49.328,OUTLOOK.EXE
1652,2021-08-04 17:51:27.329,Teams.exe
1654,2021-08-04 17:51:27.828,Teams.exe
1655,2021-08-04 17:51:32.328,Teams.exe
1656,2021-08-04 17:51:32.830,Teams.exe
1657,2021-08-04 17:53:41.827,explorer.exe
1658,2021-08-04 17:53:43.325,OUTLOOK.EXE
1659,2021-08-04 17:54:15.325,OUTLOOK.EXE
1660,2021-08-04 17:54:17.325,OUTLOOK.EXE
1661,2021-08-04 17:55:07.824,OUTLOOK.EXE
1662,2021-08-04 17:55:09.335,OUTLOOK.EXE
1663,2021-08-04 17:55:23.823,OUTLOOK.EXE
1664,2021-08-04 17:55:24.824,OUTLOOK.EXE
1665,2021-08-04 17:55:56.323,Teams.exe
1666,2021-08-04 17:55:59.323,explorer.exe
1667,2021-08-04 17:56:01.824,chrome.exe
1668,2021-08-04 17:56:23.323,WINWORD.EXE
1669,2021-08-04 17:57:44.821,WINWORD.EXE
1670,2021-08-04 17:57:45.329,WINWORD.EXE
1671,2021-08-04 17:57:45.822,WINWORD.EXE
1672,2021-08-04 17:57:46.326,WINWORD.EXE
1673,2021-08-04 17:57:46.822,WINWORD.EXE
1674,2021-08-04 18:02:16.318,WINWORD.EXE
1675,2021-08-04 18:02:17.319,WINWORD.EXE
1676,2021-08-04 18:03:23.818,WINWORD.EXE
1677,2021-08-04 18:03:24.818,WINWORD.EXE
1678,2021-08-04 18:03:26.318,WINWORD.EXE
1679,2021-08-04 18:03:27.818,WINWORD.EXE
1681,2021-08-04 18:03:30.818,explorer.exe
1682,2021-08-04 18:03:34.318,OUTLOOK.EXE
1683,2021-08-04 18:03:37.818,OUTLOOK.EXE
1684,2021-08-04 18:03:41.822,WINWORD.EXE
1685,2021-08-04 18:06:47.317,WINWORD.EXE
1686,2021-08-04 18:06:48.317,WINWORD.EXE
1687,2021-08-04 18:07:43.816,WINWORD.EXE
1688,2021-08-04 18:07:45.317,WINWORD.EXE
1689,2021-08-04 18:14:40.818,WINWORD.EXE
1690,2021-08-04 18:14:42.815,WINWORD.EXE
1691,2021-08-04 18:16:45.815,WINWORD.EXE
1692,2021-08-04 18:16:48.313,WINWORD.EXE
1693,2021-08-04 18:17:34.313,WINWORD.EXE
1694,2021-08-04 18:17:35.814,WINWORD.EXE
1695,2021-08-04 18:18:22.313,WINWORD.EXE
1696,2021-08-04 18:18:23.313,WINWORD.EXE
1697,2021-08-04 18:22:26.314,OUTLOOK.EXE
1698,2021-08-04 18:22:28.315,OUTLOOK.EXE
1699,2021-08-04 18:22:35.315,Teams.exe
1700,2021-08-04 18:22:39.315,Teams.exe
1701,2021-08-04 18:23:02.315,Teams.exe
1702,2021-08-04 18:27:13.319,Teams.exe
1703,2021-08-04 18:27:25.320,WINWORD.EXE
1704,2021-08-04 18:28:51.819,WINWORD.EXE
1705,2021-08-04 18:28:58.320,WINWORD.EXE
1706,2021-08-04 18:29:15.832,WINWORD.EXE
1707,2021-08-04 18:29:34.320,WINWORD.EXE
1708,2021-08-04 18:29:41.821,WINWORD.EXE
1709,2021-08-04 18:29:42.820,WINWORD.EXE
1710,2021-08-04 18:34:04.322,WINWORD.EXE
1711,2021-08-04 18:34:05.823,WINWORD.EXE
1712,2021-08-04 18:37:38.324,WINWORD.EXE
1713,2021-08-04 18:37:39.324,WINWORD.EXE
1715,2021-08-04 18:37:45.324,Teams.exe
1716,2021-08-04 18:38:01.830,WINWORD.EXE
1717,2021-08-04 18:40:10.328,Teams.exe
1718,2021-08-04 18:40:17.325,Teams.exe
1719,2021-08-04 18:42:01.825,BESClientUI.exe
1720,2021-08-04 18:42:03.825,Teams.exe
1721,2021-08-04 18:43:35.326,Teams.exe
1722,2021-08-04 18:50:17.327,Teams.exe
1723,2021-08-04 18:56:26.330,explorer.exe
1724,2021-08-04 18:56:28.329,Teams.exe
1725,2021-08-04 18:57:19.327,Teams.exe
1726,2021-08-04 18:57:57.327,Teams.exe
1727,2021-08-04 18:58:01.327,Teams.exe
1728,2021-08-04 19:03:30.827,BESClientUI.exe
1729,2021-08-04 19:03:33.827,Teams.exe
1730,2021-08-04 19:07:15.827,WINWORD.EXE
1731,2021-08-04 19:07:18.827,chrome.exe
1732,2021-08-04 19:10:54.327,Teams.exe
1733,2021-08-04 19:10:54.827,chrome.exe
1734,2021-08-04 19:10:56.327,OUTLOOK.EXE
1735,2021-08-04 19:10:56.827,chrome.exe
1736,2021-08-04 19:11:02.827,WINWORD.EXE
1737,2021-08-04 19:11:05.827,WINWORD.EXE
1738,2021-08-04 19:24:45.328,chrome.exe
1739,2021-08-04 19:24:48.828,Teams.exe
1740,2021-08-04 19:24:49.829,SearchUI.exe
1741,2021-08-04 19:24:50.329,SearchUI.exe
1742,2021-08-04 19:24:50.828,StartMenuExperienceHost.exe
1743,2021-08-04 19:24:54.328,SearchUI.exe
1744,2021-08-04 19:24:55.329,OUTLOOK.EXE
1745,2021-08-04 19:24:57.328,OUTLOOK.EXE
1746,2021-08-04 19:24:58.328,OUTLOOK.EXE
1747,2021-08-04 19:25:00.328,OUTLOOK.EXE
1748,2021-08-04 19:25:01.829,OUTLOOK.EXE
1749,2021-08-04 19:25:04.328,OUTLOOK.EXE
1750,2021-08-04 19:25:04.828,OUTLOOK.EXE
1751,2021-08-04 19:25:05.328,OUTLOOK.EXE
1752,2021-08-04 19:25:05.828,OUTLOOK.EXE
1753,2021-08-04 19:25:18.828,OUTLOOK.EXE
1755,2021-08-04 19:25:21.328,explorer.exe
1756,2021-08-04 19:25:22.328,OUTLOOK.EXE
1757,2021-08-04 19:25:37.329,FoxitReader.exe
1758,2021-08-04 19:26:12.828,OUTLOOK.EXE
1759,2021-08-04 19:26:14.828,SearchUI.exe
1760,2021-08-04 19:26:15.828,StartMenuExperienceHost.exe
1762,2021-08-05 15:57:18.298,LockApp.exe
1764,2021-08-05 15:58:10.814,explorer.exe
1765,2021-08-05 15:58:15.296,SearchUI.exe
1766,2021-08-05 15:58:28.296,vpnui.exe
1767,2021-08-05 15:58:31.296,vpnui.exe
1768,2021-08-05 15:58:40.296,vpnui.exe
1769,2021-08-05 15:58:40.797,vpndownloader.exe
1770,2021-08-05 15:58:42.296,vpnui.exe
1771,2021-08-05 15:58:43.797,BESClientUI.exe
1772,2021-08-05 15:58:45.797,OUTLOOK.EXE
1773,2021-08-05 16:01:45.797,OUTLOOK.EXE
1774,2021-08-05 16:01:47.797,OUTLOOK.EXE
1775,2021-08-05 16:02:11.296,explorer.exe
1776,2021-08-05 16:02:12.297,OUTLOOK.EXE
1777,2021-08-05 16:02:18.796,OUTLOOK.EXE
1778,2021-08-05 16:02:23.296,Teams.exe
1779,2021-08-05 16:02:23.797,Teams.exe
1780,2021-08-05 16:02:32.797,Teams.exe
1781,2021-08-05 16:02:47.289,OUTLOOK.EXE
1782,2021-08-05 16:03:08.261,Teams.exe
1783,2021-08-05 16:03:08.759,Teams.exe
1784,2021-08-05 16:03:09.258,Teams.exe
1785,2021-08-05 16:04:43.628,Teams.exe
1786,2021-08-05 16:05:41.548,OUTLOOK.EXE
1787,2021-08-05 16:05:44.544,explorer.exe
1788,2021-08-05 16:05:46.042,chrome.exe
1789,2021-08-05 16:05:54.031,chrome.exe
1790,2021-08-05 16:06:28.483,Teams.exe
1791,2021-08-05 16:07:17.915,Teams.exe
1792,2021-08-05 16:07:22.409,chrome.exe
1793,2021-08-05 16:08:53.383,explorer.exe
1794,2021-08-05 16:08:55.383,OUTLOOK.EXE
1795,2021-08-05 16:11:46.383,Teams.exe
1796,2021-08-05 16:11:50.883,Teams.exe
1797,2021-08-05 16:11:56.883,OUTLOOK.EXE
1798,2021-08-05 16:12:34.382,Teams.exe
1799,2021-08-05 16:13:08.383,OUTLOOK.EXE
1800,2021-08-05 16:14:18.881,OUTLOOK.EXE
1801,2021-08-05 16:14:29.879,OUTLOOK.EXE
1802,2021-08-05 16:14:38.379,Teams.exe
1803,2021-08-05 16:18:28.367,explorer.exe
1804,2021-08-05 16:18:38.366,POWERPNT.EXE
1805,2021-08-05 16:19:53.863,explorer.exe
1806,2021-08-05 16:19:57.364,POWERPNT.EXE
1807,2021-08-05 16:20:04.363,POWERPNT.EXE
1808,2021-08-05 16:20:08.862,Teams.exe
1809,2021-08-05 16:21:17.363,POWERPNT.EXE
1810,2021-08-05 16:22:28.362,Teams.exe
1811,2021-08-05 16:22:28.862,Teams.exe
1812,2021-08-05 16:22:30.364,POWERPNT.EXE
1813,2021-08-05 16:22:47.362,Teams.exe
1814,2021-08-05 16:23:04.363,POWERPNT.EXE
1815,2021-08-05 16:28:28.363,Teams.exe
1816,2021-08-05 16:28:38.863,POWERPNT.EXE
1817,2021-08-05 16:28:43.863,Teams.exe
1818,2021-08-05 16:28:46.362,Teams.exe
1819,2021-08-05 16:29:04.363,POWERPNT.EXE
1820,2021-08-05 16:29:06.362,POWERPNT.EXE
1821,2021-08-05 16:29:09.862,POWERPNT.EXE
1822,2021-08-05 16:29:10.363,POWERPNT.EXE
1823,2021-08-05 16:29:13.363,OUTLOOK.EXE
1824,2021-08-05 16:29:16.862,explorer.exe
1825,2021-08-05 16:29:17.862,OUTLOOK.EXE
1826,2021-08-05 16:29:22.362,OUTLOOK.EXE
1827,2021-08-05 16:33:40.362,Teams.exe
1828,2021-08-05 16:33:50.862,OUTLOOK.EXE
1829,2021-08-05 16:39:24.362,Teams.exe
1830,2021-08-05 16:42:28.863,OUTLOOK.EXE
1831,2021-08-05 16:52:18.362,Teams.exe
1832,2021-08-05 16:54:21.862,explorer.exe
1833,2021-08-05 16:54:23.362,OUTLOOK.EXE
1834,2021-08-05 16:54:39.362,OUTLOOK.EXE
1835,2021-08-05 16:54:40.862,OUTLOOK.EXE
1836,2021-08-05 16:54:44.362,OUTLOOK.EXE
1837,2021-08-05 16:54:45.862,OUTLOOK.EXE
1838,2021-08-05 16:54:46.362,OUTLOOK.EXE
1839,2021-08-05 16:54:47.362,OUTLOOK.EXE
1840,2021-08-05 16:54:52.862,Teams.exe
1841,2021-08-05 16:54:56.362,Teams.exe
1842,2021-08-05 16:57:21.362,BESClientUI.exe
1843,2021-08-05 16:57:28.363,Teams.exe
1844,2021-08-05 16:57:30.362,Teams.exe
1845,2021-08-05 16:57:46.861,OUTLOOK.EXE
1846,2021-08-05 16:59:25.862,Teams.exe
1847,2021-08-05 16:59:26.361,OUTLOOK.EXE
1848,2021-08-05 17:01:37.862,wlrmdr.exe
1849,2021-08-05 17:01:39.362,OUTLOOK.EXE
1850,2021-08-05 17:01:43.862,SCNotification.exe
1852,2021-08-05 17:01:49.362,OUTLOOK.EXE
1853,2021-08-05 17:01:52.863,OUTLOOK.EXE
1854,2021-08-05 17:01:54.363,OUTLOOK.EXE
1855,2021-08-05 17:01:55.862,SCNotification.exe
1856,2021-08-05 17:01:59.363,ShellExperienceHost.exe
1857,2021-08-05 17:02:00.362,SCNotification.exe
1858,2021-08-05 17:02:06.861,OUTLOOK.EXE
1859,2021-08-05 17:02:12.363,WINWORD.EXE
1860,2021-08-05 17:02:12.861,OUTLOOK.EXE
1861,2021-08-05 17:02:14.362,explorer.exe
1862,2021-08-05 17:02:22.362,explorer.exe
1863,2021-08-05 17:02:25.863,explorer.exe
1864,2021-08-06 04:20:36.591,cmd.exe
1865,2021-08-06 04:20:45.092,explorer.exe
1866,2021-08-06 04:20:46.593,explorer.exe
1867,2021-08-06 04:20:47.093,explorer.exe
1868,2021-08-06 04:20:49.592,OUTLOOK.EXE
1869,2021-08-06 04:20:51.592,cmd.exe
1871,2021-08-06 04:20:53.094,explorer.exe
1872,2021-08-06 04:21:13.591,OUTLOOK.EXE
1873,2021-08-06 04:21:19.093,OUTLOOK.EXE
1874,2021-08-06 04:21:19.592,cmd.exe
1876,2021-08-06 04:21:21.592,explorer.exe
1877,2021-08-06 04:21:28.591,OUTLOOK.EXE
1878,2021-08-06 04:21:35.592,OUTLOOK.EXE
1879,2021-08-06 04:21:36.092,cmd.exe
1880,2021-08-06 04:21:44.592,explorer.exe
1881,2021-08-06 04:21:46.594,chrome.exe
1882,2021-08-06 04:21:53.092,explorer.exe
1883,2021-08-06 04:21:54.091,chrome.exe
1884,2021-08-06 04:21:56.092,chrome.exe
1885,2021-08-06 04:22:06.092,WINWORD.EXE
1886,2021-08-06 04:22:20.093,chrome.exe
1887,2021-08-06 04:23:29.091,chrome.exe
1888,2021-08-06 04:23:32.592,chrome.exe
1889,2021-08-06 04:24:55.593,WINWORD.EXE
1890,2021-08-06 04:24:56.592,WINWORD.EXE
1891,2021-08-06 04:25:00.092,chrome.exe
1892,2021-08-06 04:25:03.592,WINWORD.EXE
1893,2021-08-06 04:25:09.592,chrome.exe
1894,2021-08-06 04:25:10.092,chrome.exe
1895,2021-08-06 04:25:10.592,chrome.exe
1896,2021-08-06 04:25:11.093,chrome.exe
1897,2021-08-06 04:25:11.592,chrome.exe
1898,2021-08-06 04:28:41.104,WINWORD.EXE
1899,2021-08-06 04:28:45.094,WINWORD.EXE
1900,2021-08-06 04:28:46.594,WINWORD.EXE
1901,2021-08-06 04:28:47.591,chrome.exe
1902,2021-08-06 04:42:14.587,WINWORD.EXE
1903,2021-08-06 04:42:17.086,WINWORD.EXE
1904,2021-08-06 04:42:44.586,WINWORD.EXE
1905,2021-08-06 04:42:45.585,WINWORD.EXE
1906,2021-08-06 04:43:16.586,WINWORD.EXE
1907,2021-08-06 04:43:17.586,WINWORD.EXE
1908,2021-08-06 04:43:18.585,WINWORD.EXE
1909,2021-08-06 04:43:21.085,WINWORD.EXE
1910,2021-08-06 04:43:33.085,WINWORD.EXE
1911,2021-08-06 04:43:36.585,WINWORD.EXE
1912,2021-08-06 04:44:18.084,WINWORD.EXE
1913,2021-08-06 04:44:18.584,chrome.exe
1914,2021-08-06 04:46:16.584,WINWORD.EXE
1915,2021-08-06 04:50:52.081,WINWORD.EXE
1916,2021-08-06 04:50:53.081,WINWORD.EXE
1917,2021-08-06 04:56:51.079,WINWORD.EXE
1918,2021-08-06 04:56:53.080,WINWORD.EXE
1919,2021-08-06 04:56:54.579,chrome.exe
1920,2021-08-06 04:57:01.579,SearchUI.exe
1921,2021-08-06 04:57:02.579,StartMenuExperienceHost.exe
1923,2021-08-06 15:22:22.236,LockApp.exe
1925,2021-08-06 15:23:11.236,explorer.exe
1926,2021-08-06 15:23:11.744,SearchUI.exe
1927,2021-08-06 15:23:30.235,explorer.exe
1928,2021-08-06 15:23:31.735,OUTLOOK.EXE
1929,2021-08-06 15:23:47.234,chrome.exe
1930,2021-08-06 15:24:19.235,vpnui.exe
1931,2021-08-06 15:24:21.247,vpnui.exe
1932,2021-08-06 15:24:28.735,vpnui.exe
1933,2021-08-06 15:24:30.235,ShellExperienceHost.exe
1934,2021-08-06 15:24:42.234,vpnui.exe
1935,2021-08-06 15:24:46.746,vpnui.exe
1936,2021-08-06 15:24:53.252,vpnui.exe
1937,2021-08-06 15:24:53.751,vpndownloader.exe
1938,2021-08-06 15:24:55.236,chrome.exe
1939,2021-08-06 15:24:55.737,vpnui.exe
1940,2021-08-06 15:25:17.234,chrome.exe
1941,2021-08-06 15:30:57.833,OUTLOOK.EXE
1942,2021-08-06 15:31:00.337,OUTLOOK.EXE
1943,2021-08-06 15:31:04.342,Teams.exe
1944,2021-08-06 15:31:26.871,chrome.exe
1945,2021-08-06 15:32:54.485,Teams.exe
1946,2021-08-06 15:32:57.489,Teams.exe
1947,2021-08-06 15:34:01.074,chrome.exe
1948,2021-08-06 15:34:21.599,OUTLOOK.EXE
1949,2021-08-06 15:34:24.103,explorer.exe
1950,2021-08-06 15:34:25.104,OUTLOOK.EXE
1951,2021-08-06 15:34:46.126,explorer.exe
1952,2021-08-06 15:34:50.126,OUTLOOK.EXE
1953,2021-08-06 15:34:51.126,OUTLOOK.EXE
1954,2021-08-06 15:34:54.126,OUTLOOK.EXE
1955,2021-08-06 15:34:55.626,Teams.exe
1956,2021-08-06 15:35:20.126,OUTLOOK.EXE
1957,2021-08-06 15:35:22.626,OUTLOOK.EXE
1958,2021-08-06 15:35:23.126,OUTLOOK.EXE
1959,2021-08-06 15:35:26.626,Teams.exe
1960,2021-08-06 15:35:43.126,OUTLOOK.EXE
1961,2021-08-06 15:35:49.127,OUTLOOK.EXE
1962,2021-08-06 15:36:00.627,OUTLOOK.EXE
1963,2021-08-06 15:36:58.626,Teams.exe
1964,2021-08-06 15:37:08.126,Teams.exe
1965,2021-08-06 15:37:26.626,Teams.exe
1966,2021-08-06 15:42:17.120,Teams.exe
1968,2021-08-06 15:58:37.605,OUTLOOK.EXE
1969,2021-08-06 16:01:30.097,explorer.exe
1970,2021-08-06 16:01:30.597,OUTLOOK.EXE
1971,2021-08-06 16:01:37.101,OUTLOOK.EXE
1972,2021-08-06 16:01:39.596,Teams.exe
1973,2021-08-06 16:01:40.096,Teams.exe
1974,2021-08-06 16:01:51.598,Teams.exe
1975,2021-08-06 16:01:52.096,Teams.exe
1976,2021-08-06 16:01:52.596,Teams.exe
1977,2021-08-06 16:01:54.095,Teams.exe
1978,2021-08-06 16:02:04.595,explorer.exe
1979,2021-08-06 16:02:06.595,OUTLOOK.EXE
1980,2021-08-06 16:02:19.094,EXCEL.EXE
1981,2021-08-06 16:02:37.603,EXCEL.EXE
1982,2021-08-06 16:03:24.092,EXCEL.EXE
1983,2021-08-06 16:03:24.592,EXCEL.EXE
1984,2021-08-06 16:03:25.092,EXCEL.EXE
1985,2021-08-06 16:03:26.092,EXCEL.EXE
1986,2021-08-06 16:03:26.592,EXCEL.EXE
1987,2021-08-06 16:03:28.592,EXCEL.EXE
1988,2021-08-06 16:03:29.092,EXCEL.EXE
1989,2021-08-06 16:03:29.592,EXCEL.EXE
1990,2021-08-06 16:03:32.592,Teams.exe
1991,2021-08-06 16:03:39.091,EXCEL.EXE
1992,2021-08-06 16:04:29.091,Teams.exe
1993,2021-08-06 16:04:44.591,EXCEL.EXE
1995,2021-08-06 16:06:17.591,explorer.exe
1996,2021-08-06 16:06:18.591,OUTLOOK.EXE
1997,2021-08-06 16:06:20.591,OUTLOOK.EXE
1998,2021-08-06 16:06:29.591,EXCEL.EXE
1999,2021-08-06 16:06:58.091,OUTLOOK.EXE
2000,2021-08-06 16:07:08.091,EXCEL.EXE
2001,2021-08-06 16:08:13.591,explorer.exe
2002,2021-08-06 16:08:14.591,OUTLOOK.EXE
2003,2021-08-06 16:08:37.091,OUTLOOK.EXE
2004,2021-08-06 16:08:40.591,OUTLOOK.EXE
2005,2021-08-06 16:08:45.091,OUTLOOK.EXE
2006,2021-08-06 16:08:47.592,OUTLOOK.EXE
2007,2021-08-06 16:08:48.091,OUTLOOK.EXE
2008,2021-08-06 16:08:48.591,OUTLOOK.EXE
2009,2021-08-06 16:08:49.091,OUTLOOK.EXE
2010,2021-08-06 16:08:54.091,OUTLOOK.EXE
2011,2021-08-06 16:08:54.591,OUTLOOK.EXE
2012,2021-08-06 16:08:55.091,OUTLOOK.EXE
2013,2021-08-06 16:08:56.091,Teams.exe
2014,2021-08-06 16:09:00.591,OUTLOOK.EXE
2015,2021-08-06 16:09:06.091,Teams.exe
2016,2021-08-06 16:09:08.591,OUTLOOK.EXE
2017,2021-08-06 16:09:09.091,OUTLOOK.EXE
2018,2021-08-06 16:09:12.592,OUTLOOK.EXE
2019,2021-08-06 16:09:14.091,OUTLOOK.EXE
2020,2021-08-06 16:09:20.091,OUTLOOK.EXE
2021,2021-08-06 16:09:48.591,OUTLOOK.EXE
2022,2021-08-06 16:09:51.091,OUTLOOK.EXE
2023,2021-08-06 16:09:52.591,OUTLOOK.EXE
2024,2021-08-06 16:45:00.612,Teams.exe
2025,2021-08-06 16:45:01.112,OUTLOOK.EXE
2026,2021-08-06 16:45:03.112,EXCEL.EXE
2027,2021-08-06 16:45:03.612,EXCEL.EXE
2029,2021-08-06 16:58:06.088,LockApp.exe
2031,2021-08-06 16:58:12.102,explorer.exe
2033,2021-08-06 16:58:13.089,EXCEL.EXE
2034,2021-08-06 16:58:29.590,OUTLOOK.EXE
2035,2021-08-06 16:58:30.089,OUTLOOK.EXE
2036,2021-08-06 16:58:52.088,cmd.exe
